,molecule_chembl_id,canonical_smiles,standard_value
0,CHEMBL1555532,N#Cc1c([N+](=O)[O-])cc([N+](=O)[O-])cc1S(=O)(=O)Cc1ccccc1,12055.0
1,CHEMBL61559,COc1ccc(C(=O)/C=C/c2ccc(N(C)C)cc2)c(OC)c1,4712.0
2,CHEMBL1494120,COc1ccc(NC(=O)/C(Cl)=C(/Cl)[S+]([O-])Cc2ccc(Cl)cc2)cn1,7828.0
3,CHEMBL1698008,Cc1ccc(S(=O)(=O)c2ccc([N+](=O)[O-])o2)cc1,11190.0
4,CHEMBL1964993,O=[N+]([O-])c1ccc(N/N=C/C=C/c2ccco2)cc1,4186.0
5,CHEMBL1487183,CCCCC(CC)CN=C(N)N=C(N)NCCCCCCNC(N)=NC(N)=NCC(CC)CCCC.Cl,5211.0
6,CHEMBL1497139,N#CC(C#N)=C1C=CC=CN1/C(=C\c1ccco1)C(=O)c1ccc(Br)cc1,13247.0
7,CHEMBL131037,COc1ccc(OC)c2c1C(=O)C(Cl)=C(Cl)C2=O,6759.0
8,CHEMBL1319026,COc1ccc(C(=O)c2sc3nc(C)cc(-c4cccs4)c3c2N)cc1OC,8846.0
9,CHEMBL1698608,CC(=NNC(=S)N1CCN(c2ccccn2)CC1)c1nccs1,49782.0
10,CHEMBL1504077,O=C(Nc1ccc(F)cc1)c1nc(S(=O)(=O)Cc2ccccc2)ncc1Cl,5432.0
11,CHEMBL1415985,O=C(CN1C(=O)NC2(CCCCC2)C1=O)Oc1ccc2c(C(F)(F)F)cc(=O)oc2c1,3479.0
12,CHEMBL1575428,Cc1ccc(Cl)c(NC(=O)COC(=O)c2ccccc2C(=O)c2ccc(Cl)c([N+](=O)[O-])c2)c1Cl,49760.0
13,CHEMBL1458022,Cc1ccc(-n2c(Cl)c(Cl)nc(Cl)c2=O)cc1,5159.0
14,CHEMBL1416020,Cc1ccc(C(=O)N/C(=C/c2ccc(-c3ccc([N+](=O)[O-])cc3)o2)C(=O)NCCCN(C)C)cc1,6546.0
15,CHEMBL1611182,O=[N+]([O-])c1c(Nc2cccc(O)c2)cc(Cl)c2nonc12,11191.0
16,CHEMBL1474143,Oc1ccc2nnc3c(Br)cnn3c2c1,6628.0
17,CHEMBL1527042,O=C1NC(=O)C2C1C(c1ccc([N+](=O)[O-])cc1)=NN2Cc1ccccc1,10329.0
18,CHEMBL1971127,C#CCOCCOCCOCCNc1nc(N2CCN(C(=O)CCCCCCCCCCNC(=O)[C@H](CCCCN)n3cc(C[C@@H](C)CC)nn3)CC2)nc(N2CCN(C(=O)CCCCCCCCCCNC(=O)[C@H](CCCCN)n3cc(C[C@@H](C)CC)nn3)CC2)n1,7102.0
19,CHEMBL1575594,C=C1C(=O)O[C@@H]2C[C@@H](C)[C@@H]3C4OC4C(=O)[C@@]3(C)[C@@H](O)[C@H]12,49739.0
20,CHEMBL1971913,O=C(O)C(F)(F)F.c1cc(SC2CCCCC2)cc(-c2nc3cnccn3c2NC2CCCCC2)c1,4833.0
21,CHEMBL1865393,COc1ccccc1N(C(C)=O)C1=C(Cl)C(=O)c2ccccc2C1=O,5375.0
22,CHEMBL1416184,O=[N+]([O-])c1c(NCCO)cc(Sc2nc3ccccc3s2)c2nonc12,9167.0
23,CHEMBL167542,Nc1ccc2c(c1)Cc1cc([N+](=O)[O-])ccc1-2,6367.0
24,CHEMBL1699845,O=C1C(Cl)=C(Oc2ccccc2)C(=O)c2ccccc21,10161.0
25,CHEMBL1477528,Cc1ccccc1CS(=O)(=O)c1ncc(Cl)c(C(=O)Nc2ccc(F)cc2)n1,6246.0
26,CHEMBL1409883,CCCNC(=O)c1nnsc1[S+]([O-])c1ccc(Cl)cc1,15601.0
27,CHEMBL1487952,CCOC(=O)c1ccc(NC(=O)c2nc(S(=O)(=O)Cc3ccccc3)ncc2Cl)cc1,8402.0
28,CHEMBL1319461,CCCN1C(=O)/C(=C/c2ccc(N3CCCC3)c(C)c2)NC1=S,6655.0
29,CHEMBL1458470,NNC(=O)c1oc2nc(-c3ccc(Cl)cc3)cc(-c3ccccc3)c2c1N,3785.0
30,CHEMBL505670,O=[N+]([O-])c1ccc(Sc2cccc[n+]2[O-])c2nonc12,7626.0
31,CHEMBL1458548,CCCNC(=O)c1nnsc1S(=O)(=O)c1ccc(Cl)cc1,16287.0
32,CHEMBL1543839,O=C(OCn1ncc(Cl)c(Cl)c1=O)c1ccccc1Cl,49768.0
33,CHEMBL1331822,O=C(c1ccccc1)c1cc(Cl)ccc1N1C(=O)C=CC1=O,14720.0
34,CHEMBL1544093,CCOC(=O)c1nc(S(C)(=O)=O)ncc1Cl,22354.0
35,CHEMBL1419822,Cn1c(=O)[nH]c(=O)c2c1nc([N+](=O)[O-])n2Cc1ccccc1,49797.0
36,CHEMBL1720248,CCN(CC)c1ccc(C=NNc2ccc([N+](=O)[O-])cn2)cc1,4504.0
37,CHEMBL1386978,COc1ccc(C(=O)c2sc3nc(-c4ccccc4)ccc3c2N)cc1OC,5800.0
38,CHEMBL1307050,CCc1ccc(NC(=O)c2nc(S(=O)(=O)Cc3ccccc3)ncc2Cl)cc1,12102.0
39,CHEMBL1319618,O=c1c(Cl)c(Cl)cnn1Cc1nnc(-c2ccccc2Br)o1,49760.0
40,CHEMBL1573150,O=C(C1=NN(c2ccccc2)C2C(=O)N(c3ccc(Cl)cc3)C(=O)C12)c1ccccc1,11830.0
41,CHEMBL1543956,CCN(CC)c1ccc(/C=C/C(=O)C2C(=O)C=C(C)OC2=O)cc1,4877.0
42,CHEMBL1387110,Nc1c(C(=O)Nc2nc3ccccc3s2)sc2nc(-c3cccs3)ccc12,3934.0
43,CHEMBL1337235,CS(=O)(=O)c1ncc(Cl)c(C(=O)Nc2ccc(N3CCOCC3)cc2)n1,10235.0
44,CHEMBL1701517,O=S(=O)(/C=C/C=C/S(=O)(=O)c1ccccc1)c1ccccc1,49760.0
45,CHEMBL1498308,CCN(CC)c1ccc(-c2nc3cnccn3c2NC2CCCC2)cc1,5289.0
46,CHEMBL1890919,COc1ccc(OC)c(C=Cc2ccc([N+](=O)[O-])cc2)c1,8192.0
47,CHEMBL1527994,CCN(CC)c1ccc(/C=C/C(=O)c2ccc(Br)cc2)cc1,3823.0
48,CHEMBL1319867,O=[N+]([O-])c1c(Nc2ccccc2O)cc(Cl)c2nonc12,18414.0
49,CHEMBL1436864,O=C(NCc1cccc(F)c1)c1cccc2c1C(=O)c1ccc(N3CCC(Cc4ccccc4)CC3)cc1S2(=O)=O,3211.0
50,CHEMBL1526126,O=[N+]([O-])c1ccc(C2=NN(c3ccccc3)C(c3ccco3)C2)cc1,2639.0
51,CHEMBL1315948,CCc1ccc(Nc2n[n+](-c3ccccc3)c(-c3c(Cl)cccc3Cl)s2)cc1.[Cl-],3124.0
52,CHEMBL1984584,O=[N+]([O-])c1ccc(N/N=C/c2c[nH]c3ccccc23)cc1,10230.0
53,CHEMBL1534390,O=[N+]([O-])c1ccc(N2N=C(c3ccccc3)CC2c2ccccc2O)cc1,4583.0
54,CHEMBL1404578,COc1ccc(OC)c(NC(=O)c2nc(S(=O)(=O)Cc3ccccc3)ncc2Cl)c1,6715.0
55,CHEMBL1359902,COc1ccc(C(=O)/C=C/C(=O)N(CC(=O)NC2CCCCC2)CC2CCCO2)c(O)c1,23288.0
56,CHEMBL1420325,CS(=O)(=O)c1sc(C#N)c2c1C(=O)CC(c1ccccc1)C2,7079.0
57,CHEMBL3197908,COc1ccc2nc(C)cc(N/N=C/c3ccc(F)cc3)c2c1,2129.0
58,CHEMBL1340895,COc1cc2c3nnc(-c4ccc(F)cc4)c-3cn(Cc3cccc(C)c3)c2cc1OC,3924.0
59,CHEMBL1517505,Nc1ccc2nc(-c3ccccc3)c(-c3ccccc3)nc2c1,6096.0
60,CHEMBL1459316,CC1C/C(=C/c2cccn2C)C(=O)/C(=C/c2cccn2C)C1,4385.0
61,CHEMBL1703189,O=c1c2cc([N+](=O)[O-])ccc2sn1-c1ccccc1,49700.0
62,CHEMBL1399957,CCC(C)Sc1ccc(-c2nc3cnccn3c2NC2CCCCC2)cc1.O=C(O)C(F)(F)F,3685.0
63,CHEMBL1473205,CC1=NCCc2c1[nH]c1cc(O)ccc21.Cl.O,7958.0
64,CHEMBL1360031,Brc1cc(Br)c2nc(-c3ccc(N4CCOCC4)cc3)ccc2c1,2366.0
65,CHEMBL116438,COc1cc(/C=C/C(=O)/C=C(O)/C=C/c2ccc(O)c(OC)c2)ccc1O,10769.0
66,CHEMBL1427185,O=C1C=CC(=O)N1CCNc1ncc(C(F)(F)F)cc1Cl,7938.0
67,CHEMBL1573592,CC(=O)Oc1ccc(N2C(=O)c3cccc4c([N+](=O)[O-])ccc(c34)C2=O)cc1,4057.0
68,CHEMBL1332454,CN(c1ccccc1)S(=O)(=O)c1ccc(NC(=O)c2nc(S(C)(=O)=O)ncc2Cl)cc1,5743.0
69,CHEMBL1988416,O=Cc1s/c(=N\S(=O)(=O)c2ccccc2)n(CCCCl)c1Cl,19538.0
70,CHEMBL1417212,COc1ccccc1N1N=C(c2cccs2)CC1c1ccccc1,3616.0
71,CHEMBL1991303,C/C(=N\Nc1ccc([N+](=O)[O-])cc1)c1cc2ccccc2o1,2995.0
72,CHEMBL1301371,Cc1cccc(NC(=O)c2nc(S(=O)(=O)Cc3ccccc3)ncc2Cl)c1,5510.0
73,CHEMBL1704261,CCCC(=O)NC1=C(Cl)C(=O)c2ccccc2C1=O,6778.0
74,CHEMBL1993431,COc1cc(/C=C/c2ccc3c(Br)cc(Br)c(O)c3n2)ccc1O,7680.0
75,CHEMBL1308255,O=C(/C=C/c1cn(CC(O)CN2CCCCCC2)c2ccccc12)c1cccs1,8346.0
76,CHEMBL1476225,Fc1ccc(-[n+]2nc(Nc3ccccc3)sc2-c2c3ccccc3cc3ccccc23)cc1.[Cl-],5696.0
77,CHEMBL1723955,O=C1C(Cl)=C(NCCc2ccccc2)C(=O)c2ccccc21,17734.0
78,CHEMBL1704703,O=C1C=CC2(C=C1)O[C@H](Cc1ccccc1)[C@@H](Cc1ccccc1)O2,21753.0
79,CHEMBL3195010,COc1ccc(/C=N/Nc2ccc([N+](=O)[O-])cc2)cc1O,10743.0
80,CHEMBL1583998,O=C1N=C(NS(=O)(=O)Cc2ccccc2)S/C1=C/c1cc([N+](=O)[O-])ccc1O,4369.0
81,CHEMBL1534986,Cc1ccc(C(=O)O)cc1N1C(=O)c2cccc3c([N+](=O)[O-])ccc(c23)C1=O,7410.0
82,CHEMBL432044,O=C1Cc2ccccc2C(=O)N1c1ccccc1,3968.0
83,CHEMBL1538643,CCCCN(C)CC(O)Cn1cc(/C=C/C(=O)c2cccs2)c2ccccc21,7668.0
84,CHEMBL1460029,O=c1oc2ccccc2c(Cl)c1CN1CCCCC1,6024.0
85,CHEMBL1308404,O=[N+]([O-])c1c(Nc2ccc(O)cc2)cc(Cl)c2nonc12,6375.0
86,CHEMBL1518077,CC(=O)Nc1ccc(NC(=O)c2nc(S(=O)(=O)Cc3cccc(C)c3)ncc2Cl)cc1,9426.0
87,CHEMBL1526855,CC(=O)N(C1=C(Cl)C(=O)c2ccccc2C1=O)C1CCCCC1,5301.0
88,CHEMBL1301731,Nc1ccc2c(C(F)(F)F)cc(=O)oc2c1,4768.0
89,CHEMBL1301723,N#CC(C#N)=C1C=CC=CN1/C(=C\c1ccco1)C(=O)c1ccccc1,15868.0
90,CHEMBL1557820,Clc1ccc(-n2nnnc2Sc2ncnc3sccc23)cc1,49740.0
91,CHEMBL1607132,CCC(=O)c1ccc(/C=C/c2nc3ccccc3n2C)o1,5112.0
92,CHEMBL1705527,COc1cc2oc3cc(C#Cc4ccc(N)cc4)ccc3c(=O)c2cc1OC,3598.0
93,CHEMBL1554784,O=C(NCc1cccc(C(F)(F)F)c1)c1cccc2c1C(=O)c1ccc(N3CCC(Cc4ccccc4)CC3)cc1S2(=O)=O,2919.0
94,CHEMBL1316002,Cn1c2ccccc2c(=O)c2ccc(C#Cc3ccc(N)cc3)cc21,5265.0
95,CHEMBL1523192,COc1ccc(OC)c(/C=C/c2nc3ccccc3nc2O)c1,8497.0
96,CHEMBL1407961,CCC1CCCCN1S(=O)(=O)c1ccc(NC(=O)c2nc(S(C)(=O)=O)ncc2Cl)cc1,11063.0
97,CHEMBL1999014,O=[N+]([O-])c1ccc(-c2ccc(/C=N/Nc3nc(NCc4ccccc4)nc(N4CCOCC4)n3)o2)cc1,4695.0
98,CHEMBL1428095,CC(=O)Nc1ccc(NC(=O)c2nc(S(=O)(=O)Cc3ccccc3)ncc2Cl)cc1,7611.0
99,CHEMBL1338304,CCS(=O)(=O)c1ncc(Cl)c(C(=O)Nc2ccc(S(=O)(=O)N3CCC(C)CC3)cc2)n1,8613.0
100,CHEMBL1460491,N#Cc1sc2nc(-c3ccccc3)cc(-c3ccco3)c2c1N,7298.0
101,CHEMBL1342053,CCn1c(=O)c([N+](=O)[O-])c(Cl)c2ccccc21,28626.0
102,CHEMBL1499951,Cn1c(=O)c([N+](=O)[O-])c(Cl)c2ccccc21,17802.0
103,CHEMBL1535546,CN1/C(=C/C(=O)c2nc(S(C)(=O)=O)ncc2Cl)C(C)(C)c2ccccc21,6170.0
104,CHEMBL1479144,N#Cc1sc2nc(-c3cccs3)cc(-c3ccc(Cl)cc3)c2c1N,4736.0
105,CHEMBL1417970,CCOC(=O)CS(=O)(=O)c1nc(-c2ccc(F)cc2)cc(C(F)(F)F)n1,14423.0
106,CHEMBL1725771,CC(C)CCN1C(=O)c2cccc3c(N)ccc(c23)C1=O,4771.0
107,CHEMBL1706548,CC(=O)Nc1ccc2c(=O)n(-c3ccccc3)sc2c1,14397.0
108,CHEMBL1726287,O=C(NCc1ccco1)c1cccc2c1C(=O)c1ccc(N3CCC(Cc4ccccc4)CC3)cc1S2(=O)=O,4400.0
109,CHEMBL2005437,Cc1cccc(C)c1-n1c(C)cc(/C=N\Nc2ccc([N+](=O)[O-])cn2)c1C,4044.0
110,CHEMBL601543,CCN1/C(=C/C=C/c2oc3ccc(-c4ccccc4)cc3[n+]2CC)Oc2ccc(-c3ccccc3)cc21.CCOS(=O)(=O)[O-],10706.0
111,CHEMBL1428415,CCN(c1ccccc1)S(=O)(=O)c1ccc(NC(=O)c2nc(S(C)(=O)=O)ncc2Cl)cc1,7959.0
112,CHEMBL1707429,Cc1ccc(S(=O)(=O)C=CS(=O)(=O)c2ccc(C)cc2)cc1,13616.0
113,CHEMBL1484327,COc1ccc(-c2cc3ccc(O)cc3oc2=O)cc1OC,5229.0
114,CHEMBL1520346,CCN(CC)c1ccc2cc(-c3nc4ccccc4n3C)c(=O)oc2c1,2560.0
115,CHEMBL1535665,CCOC(=O)C1CCN(S(=O)(=O)c2c(Cl)ccc3nonc23)CC1,21213.0
116,CHEMBL1418162,CC(=O)Oc1cccc(N2C(=O)c3cccc4c([N+](=O)[O-])ccc(c34)C2=O)c1,4497.0
117,CHEMBL1539522,Cc1ccc(NC(=O)c2nc(S(=O)(=O)Cc3ccccc3C)ncc2Cl)cc1C,11499.0
118,CHEMBL1418079,OCCNc1c2ccccc2nc2c(F)c(F)c(F)c(F)c12,2270.0
119,CHEMBL1513846,COC(=O)c1c(-c2ccc(N(C)C)cc2)sc2ccc(OC)cc12,3661.0
120,CHEMBL1405830,Nc1c(C(=O)N2CCCC2)sc2nc(-c3ccccc3)ccc12,12441.0
121,CHEMBL1727091,C=C1C(=O)C23C(O)C1CCC2C12CCCC(C)(COC(C)=O)C1C(O)C3(O)OC2,32470.0
122,CHEMBL1578341,CCOC(=O)COc1ccc2ccccc2c1/C=C/[N+](=O)[O-],30467.0
123,CHEMBL1500409,Cn1c(-c2c(N)n(-c3ccccc3)c3nc4ccccc4nc23)nc2ccccc21,3850.0
124,CHEMBL1440300,O=C(Nc1ccccc1Cl)/C(Cl)=C(\Cl)[S+]([O-])c1ccccc1,5526.0
125,CHEMBL1610025,CCC(=O)OCCNc1cc(Sc2nc3ccccc3s2)c2nonc2c1[N+](=O)[O-],10472.0
126,CHEMBL1406130,O=c1c2cc(F)ccc2sn1-c1ccccc1,23047.0
127,CHEMBL1574879,COc1ccc(NC(=O)/C(Cl)=C(/Cl)[S+]([O-])Cc2ccccc2)cn1,16000.0
128,CHEMBL1440303,CNC(=O)c1nnsc1[S+]([O-])c1ccc(Cl)cc1,19604.0
129,CHEMBL1418428,Cc1cccc(N2C(=O)/C(=C\c3ccc(OC(F)F)cc3)c3ccccc3C2=O)c1,3901.0
130,CHEMBL1727997,CS(=O)(=O)c1ccc(C(=O)OCC(=O)NCc2cccs2)cc1[N+](=O)[O-],49760.0
131,CHEMBL1608420,COc1ccccc1N1C(=O)C2C(C(=O)c3ccccc3)=NN(c3ccccc3)C2C1=O,9371.0
132,CHEMBL1728153,O=C1C=CC(=O)N1CCCCCCCCCCN1C(=O)C=CC1=O,16299.0
133,CHEMBL1608392,CN(c1ccccc1)c1ccc(/C=C/[N+](=O)[O-])cc1,18635.0
134,CHEMBL1585390,CNc1cc(Cl)c2nonc2c1[N+](=O)[O-],4730.0
135,CHEMBL1790039,CCN(CC)c1ccc(C(=C2C=CC(=[N+](CC)CC)C=C2)c2ccccc2)cc1.O=S(=O)([O-])O,4752.0
136,CHEMBL1480031,CS(=O)(=O)c1ncc(Cl)c(C(=O)Nc2ccc3ccccc3c2)n1,7128.0
137,CHEMBL1491686,CCCCNC(=O)COC(=O)c1c2c(nc3ccccc13)/C(=C/c1cccs1)CC2,3320.0
138,CHEMBL140,COc1cc(/C=C/C(=O)CC(=O)/C=C/c2ccc(O)c(OC)c2)ccc1O,7751.0
139,CHEMBL1418643,COc1cccc(NC(=O)c2nc(S(C)(=O)=O)ncc2Cl)c1,8896.0
140,CHEMBL1300370,O=C1Nc2ccc(Br)cc2C12NNc1ccccc1O2,11798.0
141,CHEMBL429095,O=C1C(SCCO)=C(SCCO)C(=O)c2ccccc21,12149.0
142,CHEMBL179512,COc1cc(/C=C/C(O)=C/C(=O)/C=C/c2ccc(O)cc2)ccc1O,8095.0
143,CHEMBL518575,Cn1cccc1/C=C1\CCC/C(=C\c2cccn2C)C1=O,10863.0
144,CHEMBL1361740,CCn1nc(C)cc1-c1nnc(Sc2ncc([N+](=O)[O-])s2)n1C,46049.0
145,CHEMBL1578982,Cc1ccc(S(=O)(=O)N[C@H](C(=O)Oc2ccc3c(C(F)(F)F)cc(=O)oc3c2)c2ccccc2)cc1,3732.0
146,CHEMBL1361913,O=C(c1ccccc1)c1ccccc1N1C(=O)C=CC1=O,15343.0
147,CHEMBL1361821,CCOC(=O)COc1ccccc1/C=C\[N+](=O)[O-],49748.0
148,CHEMBL1558462,CS(=O)(=O)c1ncc(Cl)c(C(=O)Nc2ccc(OC(F)F)cc2)n1,6645.0
149,CHEMBL1343392,Cc1ccc(C(=O)OCn2ncc(Cl)c(Cl)c2=O)cc1,48731.0
150,CHEMBL1566610,C=C1C(=O)O[C@@H]2C[C@@H](C)[C@@H]3C=CC(=O)[C@@]3(C)[C@@H](OC(=O)CC(=O)O[C@H]3[C@@H]4C(=C)C(=O)O[C@@H]4C[C@@H](C)[C@@H]4C=CC(=O)[C@@]34C)[C@H]12,17855.0
151,CHEMBL508338,,16893.0
152,CHEMBL1303426,Cc1c(Nc2cc(Cl)c3nonc3c2[N+](=O)[O-])c(=O)n(-c2ccccc2)n1C,6002.0
153,CHEMBL1508208,CS(=O)(=O)c1sc2nc(-c3ccccc3)cc(-c3ccccc3)c2c1N,16200.0
154,CHEMBL1586067,O=C1c2cccc3c(N4CCCCC4)ccc(c23)C(=O)N1c1cccc(O)c1,5239.0
155,CHEMBL1579061,CN(C)C=O.CN(C)c1ccc(/C=C/c2nc3ccccc3c(=O)n2-c2ccc(C(=O)O)cc2)cc1,9002.0
156,CHEMBL1350432,S=c1sc2c(Cl)ncnc2n1-c1ccccc1,49712.0
157,CHEMBL1531308,O=C(C#Cc1ccccc1)c1ccco1,49762.0
158,CHEMBL1343705,O=S(=O)(Nc1cccc2ncccc12)c1cccs1,49744.0
159,CHEMBL1570323,CC[C@H](C)/C=C(C)/C=C/C1=CC2=CC(=O)[C@]3(C)OC(=O)[C@@H](C(C)=O)[C@@H]3C2=CO1,8858.0
160,CHEMBL1429929,CCOC(=O)CCS(=O)(=O)c1nc(-c2ccccc2)cc(C(F)(F)F)n1,28223.0
161,CHEMBL1469035,Cc1ccccc1NC(=O)/C=C/c1ccc([N+](=O)[O-])s1,13698.0
162,CHEMBL1372650,N#Cc1ccc(-c2ccco2)nc1SCC(=O)c1ccc(Cl)cc1,10135.0
163,CHEMBL1540557,CCC1(C)OC(c2ccccc2)=C/C(=C/C=C2C(=O)NC(=O)NC2=O)O1,9166.0
164,CHEMBL1710816,COc1cc(N2C(=O)C=CC2=O)ccc1N1C(=O)C=CC1=O,10979.0
165,CHEMBL1303810,O=C(OCn1ncc(Br)c(Br)c1=O)c1ccccc1Cl,49761.0
166,CHEMBL1390797,COc1ccc(C(=O)c2sc3nc(C)cc(-c4cccs4)c3c2N)cc1,3855.0
167,CHEMBL1406758,N#C/C(=C/c1ccc(-c2ccc(S(N)(=O)=O)cc2)o1)c1nc2ccccc2s1,5086.0
168,CHEMBL1980369,COc1ccc(-c2nc3cnccn3c2NC2CCCCC2)cc1-c1cccc(Cl)c1.O=C(O)C(F)(F)F,6780.0
169,CHEMBL1508593,COc1ccc(-c2c(Sc3cccc(C(F)(F)F)c3)c3ccc(OC)cc3[s+]2[O-])cc1,3667.0
170,CHEMBL1462078,Nc1c(C(=O)c2cccs2)sc2nsc(SCCN3CCCCC3)c12,9894.0
171,CHEMBL3189224,CCCCCCSc1cc(-c2nc3cnccn3c2NCCCC)ccc1OC.O=C(O)C(F)(F)F,7425.0
172,CHEMBL1351081,Cc1ccc(NC(=O)c2cc(N3C(=O)C=CC3=O)ccc2N2CCOCC2)cc1Cl,9482.0
173,CHEMBL1711797,C=C1C(=O)c2sccc2C(c2ccc(OC)c(OC)c2)C1COC(C)=O,21389.0
174,CHEMBL1711514,O=[N+]([O-])c1ccc([S+]([O-])Cc2ccccc2)c([N+](=O)[O-])c1,23159.0
175,CHEMBL1609419,CC(=O)OCCNc1cc(Sc2nc3ccccc3[nH]2)c2nonc2c1[N+](=O)[O-],10026.0
176,CHEMBL1508875,Nc1c(C(=O)Nc2ccccc2F)sc2nc(-c3cccnc3)ccc12,14029.0
177,CHEMBL1731330,CC(O)CN(CC(C)O)c1ccc2c(c1)Cc1cc([N+](=O)[O-])ccc1-2,5091.0
178,CHEMBL1712082,CC1=C(O)C(=O)C=C2C1=CC=C1C2(C)CCC2(C)C3CC(C)(C(=O)O)CCC3(C)CCC12C,21433.0
179,CHEMBL1423626,C=CCn1c(O)nnc1Sc1ncc([N+](=O)[O-])s1,49792.0
180,CHEMBL1899958,COc1ccccc1NS(=O)(=O)c1cc([N+](=O)[O-])ccc1N/N=C/c1c[nH]c2ccccc12,2744.0
181,CHEMBL1462613,COc1ccc(C(=O)c2sc3nc(-c4ccc(OC)cc4)ccc3c2N)cc1,4440.0
182,CHEMBL1984244,CCCCNc1c(-c2ccc(SC3CCCCC3)cc2)nc2cnccn12.O=C(O)C(F)(F)F,3709.0
183,CHEMBL1446199,CC(C)CNC(=O)COC(=O)c1c2c(nc3ccccc13)/C(=C/c1cccs1)CC2,3518.0
184,CHEMBL1524932,COCCCn1c(N)c(-c2nc3ccccc3n2C)c2nc3ccccc3nc21,7369.0
185,CHEMBL1570958,CCC(=O)OCCNc1cc(Sc2nccn2C)c2nonc2c1[N+](=O)[O-],8305.0
186,CHEMBL1492819,CCn1nc(-c2ccccc2)c2nc3ccccc3nc21,5357.0
187,CHEMBL3199893,CNC(=S)N/N=C/c1ccc(OCc2ccccc2)c(Br)c1,7792.0
188,CHEMBL137913,CN(C)c1ccc(/C=C/C(=O)c2ccc(O)cc2)cc1,4770.0
189,CHEMBL1712229,Nc1ccc2nc(-c3ccccc3)cnc2c1,7228.0
190,CHEMBL1453652,O=C(O)c1ccccc1-c1ccc(/C=C/c2cc(C(F)(F)F)nc(O)n2)o1,7005.0
191,CHEMBL1732235,O=c1c(Br)ccc(Br)cc1Br,6137.0
192,CHEMBL1502104,C=CCN1C(=O)/C(=C2/C(=O)Nc3ccccc32)c2ccccc21,49759.0
193,CHEMBL1452132,CN(C)c1ccc(/C=C/C(=O)c2cccc(Br)c2)cc1,5596.0
194,CHEMBL1571123,Cc1ccc(NC(=O)c2nc(S(=O)(=O)Cc3ccccc3)ncc2Cl)cc1,8301.0
195,CHEMBL1362660,COc1cc(OC)nc(-n2ncc(Br)c(Br)c2=O)n1,49746.0
196,CHEMBL1430995,Cc1ccc(N2C(=O)Cc3ccccc3C2=O)cc1,4592.0
197,CHEMBL1370844,O=[N+]([O-])c1ccc(N(c2ccccc2)c2ccccc2)cc1,6941.0
198,CHEMBL1327783,O=C(c1nnsc1[S+]([O-])c1ccc(Cl)cc1)N1CCOCC1,30840.0
199,CHEMBL1564153,O=C1c2cccc3c(N4CCCCC4)ccc(c23)C(=O)N1c1ccccc1O,7631.0
200,CHEMBL1990694,CCCC/N=C1\C(=O)N(C)c2cccc3c(O)c4ccccc4c1c23,9056.0
201,CHEMBL1375338,CS(=O)(=O)c1nc(-c2ccc(F)cc2)cc(C(F)(F)F)n1,27351.0
202,CHEMBL1532571,Cc1nn(C)c(C)c1N1C(=O)c2cccc3c(Br)ccc(c23)C1=O,5716.0
203,CHEMBL1713905,CN1C(=O)/C(=N\CCc2ccccc2)c2c3ccccc3c(O)c3cccc1c23,5975.0
204,CHEMBL1413680,O=[N+]([O-])c1cnc(Sc2ccncn2)s1,49691.0
205,CHEMBL1470904,CC(C)OC(=O)c1sc2nc(-c3ccccc3)ccc2c1N,3698.0
206,CHEMBL1541918,CC(=O)c1sc2nc(-c3ccc(C)cc3)c3c(c2c1N)CCCC3,3730.0
207,CHEMBL1688693,Cc1cc2nc(/C=C/c3nc4cc(C)c(C)cc4[nH]3)[nH]c2cc1C,20865.0
208,CHEMBL1345017,O=c1ccc2cc3c4c(c2o1)CCCN4CCC3,7117.0
209,CHEMBL131770,O=C(/C=C(O)/C=C/c1ccc(O)cc1)/C=C/c1ccc(O)cc1,5133.0
210,CHEMBL428064,O=S1(=O)Nc2c(ccc3cccnc23)-c2ccccc21,49745.0
211,CHEMBL1734268,O=C1C=CC(=O)N1c1ccc2c(c1)C(NC(=O)C(F)(F)F)c1ccccc1-2,14485.0
212,CHEMBL1510339,COC(=O)c1ccc(NC(=O)c2nc(S(=O)(=O)Cc3cccc(C)c3)ncc2Cl)cc1,10667.0
213,CHEMBL1352586,CCCC(=O)OCCNc1cc(Sc2nc3ccccc3[nH]2)c2nonc2c1[N+](=O)[O-],10949.0
214,CHEMBL1567159,CN(CCO)c1cc(Sc2nc3ccccc3s2)c2nonc2c1[N+](=O)[O-],8893.0
215,CHEMBL1424562,O=C(Nc1ccccc1)c1nnsc1[S+]([O-])c1ccc(Cl)cc1,11892.0
216,CHEMBL1734763,O=C1C=CC(=O)N1c1ccccc1N1C(=O)C=CC1=O,13642.0
217,CHEMBL1532668,Nc1cc(Cl)c2nonc2c1[N+](=O)[O-],49747.0
218,CHEMBL1588411,Cc1nnc(Sc2cc(NCCCO)c([N+](=O)[O-])c3nonc23)s1,10948.0
219,CHEMBL1449204,CCOC(=O)CS(=O)(=O)c1nc(-c2ccccc2)cc(C(F)(F)F)n1,19206.0
220,CHEMBL1726592,O=c1c2cc(C(F)(F)F)ccc2sn1-c1ccccc1,49758.0
221,CHEMBL1471341,CCS(=O)(=O)c1ncc(Cl)c(C(=O)Nc2ccc(C)cc2)n1,7648.0
222,CHEMBL1432251,COc1ccc(CS(=O)(=O)/C(Cl)=C(/Cl)C(=O)Nc2ccc(OC)nc2)cc1,49739.0
223,CHEMBL1734503,COc1ccc(C[C@@H]2OC3(C=CC(=O)C=C3)O[C@H]2Cc2ccc(OC)cc2)cc1,17470.0
224,CHEMBL1999049,CCn1c(Cl)c(C=O)s/c1=N\S(=O)(=O)c1ccccc1,12470.0
225,CHEMBL1904199,O=C(NCc1ccccc1C(F)(F)F)c1cccc2c1C(=O)c1ccc(N3CCC(N4CCCCC4)CC3)cc1S2(=O)=O,5890.0
226,CHEMBL1375884,Cc1cccc(CS(=O)(=O)c2ncc(Cl)c(C(=O)Nc3ccc(F)cc3)n2)c1,9482.0
227,CHEMBL3207597,C/C(=N\Nc1ccc([N+](=O)[O-])cc1)c1ccc2c(c1)OCO2,12521.0
228,CHEMBL1589062,COc1ccc(Cn2cc3c(-c4ccc(F)cc4)nnc-3c3cc(OC)c(OC)cc32)cc1,5584.0
229,CHEMBL1542492,CC(NC(=O)/C(C#N)=C/c1ccc([N+](=O)[O-])o1)c1ccccc1,8233.0
230,CHEMBL1385690,CCCC(=O)OCCNc1cc(Sc2nccn2C)c2nonc2c1[N+](=O)[O-],8309.0
231,CHEMBL1472131,CCCCNc1ccc2c3c(cccc13)C(=O)N(CCCC)C2=O,3071.0
232,CHEMBL1492648,CS(=O)(=O)c1nc(-c2ccccc2)cc(C(F)(F)F)n1,29065.0
233,CHEMBL1434843,O=C(NC1CCCCC1)c1cccc2c1C(=O)c1ccc(N3CCC(Cc4ccccc4)CC3)cc1S2(=O)=O,3875.0
234,CHEMBL1736537,CC(=O)Nc1ccc2c(c1)Cc1cc(N3C(=O)C=CC3=O)ccc1-2,7235.0
235,CHEMBL1565458,O=C1C2C(c3ccccc3)C=CC(c3ccccc3)C2C(=O)N1c1ccccn1,59571.0
236,CHEMBL1372920,O=C1c2cccc3c(O)ccc(c23)C(=O)N1c1ccc(Cl)cc1,19116.0
237,CHEMBL1611002,CCN(CC)c1ccc2cc(-c3nnc(-c4ccccc4)o3)c(=O)oc2c1,59640.0
238,CHEMBL1966746,C/C(=N\Nc1ccc(S(N)(=O)=O)cc1[N+](=O)[O-])c1cccs1,59640.0
239,CHEMBL1966700,COc1ccc(C(=O)Nc2ccc(/C(C)=N/NC(=O)c3ccncc3)cc2)cc1,59640.0
240,CHEMBL3207378,C/C(=N\O)c1ccc2c3c([nH]c2c1)CCCC3,59640.0
241,CHEMBL1518886,N#CC(C#N)=C1C=C2C=C(N3CCCCCC3)CCC2CC1,2506.0
242,CHEMBL1398812,O=[N+]([O-])c1ccc(N2CCCCCC2)c2nonc12,57858.0
243,CHEMBL598477,O=C(Nc1ccc2oc(-c3ccccc3F)nc2c1)c1ccc([N+](=O)[O-])o1,59640.0
244,CHEMBL1604962,N#CC(C#N)=C1C=C2C=C(N3CCOCC3)CCC2CC1,2741.0
245,CHEMBL3198439,CC(C)n1cc(/C=N/Nc2ccc(Cl)c(C(=O)O)c2)c2ccccc21,59640.0
246,CHEMBL1491016,COc1cc(/C=C2/SC(=S)N(Cc3ccccc3)C2=O)cc(OC)c1O,59640.0
247,CHEMBL1379677,O=C1c2ccccc2-c2onc3ccc(NCCCn4ccnc4)c1c23,1717.0
248,CHEMBL1604510,COc1ccc(/C=C2/SC(c3ccc(C)cc3)=NC2=O)cc1OC,59640.0
249,CHEMBL1582196,CC(C)C(CCN1C(=O)c2ccccc2C1=O)c1ccco1,13428.0
250,CHEMBL1306565,CCN(CC)c1ccc2c(-c3ccc(S(=O)(=O)[O-])cc3S(=O)(=O)[O-])c3ccc(=[N+](CC)CC)cc-3oc2c1.[Na+],59640.0
251,CHEMBL1556007,O=C(Nc1ccc(C(F)(F)F)cc1)c1ccc(NC(=O)C2CCCO2)cc1,59640.0
252,CHEMBL1413533,COc1ccccc1N1N=C(c2ccc([N+](=O)[O-])cc2)CC1c1ccccc1,59640.0
253,CHEMBL1524257,Cc1cccc(N2C(=O)c3cccc4c(N)ccc(c34)C2=O)c1,20802.0
254,CHEMBL1396129,COc1ccc(-c2cc(=O)oc3c(C)c(OCC(=O)NCCCn4ccnc4)ccc23)cc1,33921.0
255,CHEMBL1409608,CCOc1ccc(/C=C2\CCCc3c2nc2ccccc2c3C(=O)O)cc1OC,36428.0
256,CHEMBL1413510,Nc1ccc2c3c(cccc13)C(=O)N(c1ccccc1)C2=O,10854.0
257,CHEMBL1310325,CCN(CC)CCOC(=O)c1ccc(N/C=C(/C#N)c2nc(-c3cc4ccccc4oc3=O)cs2)cc1,59640.0
258,CHEMBL1458472,O=P(O)(O)c1cc(-c2ccccc2)oc1-c1ccccc1,10723.0
259,CHEMBL1416351,COc1ccc2c(Cl)c(C(=O)NCCCn3ccnc3)sc2c1Cl,59640.0
260,CHEMBL1419637,CCc1cc(=O)oc2cc(C)c(CN3CCCC3)c(O)c12,6955.0
261,CHEMBL1333292,COc1ccc(-c2occ(C(=O)O)c2C(=O)O)cc1,35802.0
262,CHEMBL1977499,CN(/N=C/c1ccc(-c2ccc([N+](=O)[O-])cc2)o1)c1ccccc1,59640.0
263,CHEMBL1399400,O=C1C2C(c3ccccc3)C=CC(c3ccccc3)C2C(=O)N1c1ccncc1,62430.0
264,CHEMBL1303641,COCCCNc1c(O)nc2cccc3c2c1-c1ccccc1C3=O,1840.0
265,CHEMBL587994,CCC(/C=C1\Sc2ccc3ccccc3c2N1C)=C\c1sc2ccc3ccccc3c2[n+]1C.[Cl-],59640.0
266,CHEMBL1498210,CCN1CCN(C2=CC3=CC(=C(C#N)C#N)CCC3CC2)CC1,3699.0
267,CHEMBL1430184,CCCN1C(=O)c2cccc3c(N4CCCCC4)ccc(c23)C1=O,59640.0
268,CHEMBL1527994,CCN(CC)c1ccc(/C=C/C(=O)c2ccc(Br)cc2)cc1,8450.0
269,CHEMBL1387366,CNc1ccc2c3c(cccc13)C(=O)N(C)C2=O,3060.0
270,CHEMBL1390971,Cc1nn(C)c(C)c1N1C(=O)c2cccc3c(N)ccc(c23)C1=O,8990.0
271,CHEMBL1420142,CN1/C(=C\C=C2/C(=O)Oc3ccccc3C2=O)C(C)(C)c2ccccc21,31469.0
272,CHEMBL1547938,O=C1c2cccc3c(O)ccc(c23)C(=O)N1Cc1ccco1,13113.0
273,CHEMBL1502002,CCOC(=O)C1CCCN(c2ccc([N+](=O)[O-])c3nonc23)C1,26262.0
274,CHEMBL1304024,O=Cc1ccc2cccc3c2c1N=C(C(F)(F)F)N3,8759.0
275,CHEMBL1495079,Cn1cc(/C=C(\C(=O)O)C(C(=O)O)=C2CCCCC2)c2ccccc21,54075.0
276,CHEMBL1605743,O=c1ccc2c(-c3ccccc3)c3ccc(O)cc3oc-2c1,374.22
277,CHEMBL1501987,CCCCn1c(=O)[nH]c2nc3cc(N)ccc3nc2c1=O,16777.0
278,CHEMBL1398345,CCN1C(=O)c2cccc3c(N)ccc(c23)C1=O,8243.0
279,CHEMBL1985696,COc1ccc(/C(C)=N/NC(=O)c2nnn(-c3nonc3N)c2-c2ccccc2)cc1,59640.0
280,CHEMBL1597682,O=C(CCN1C(=O)/C(=C/c2ccc(Cl)cc2)SC1=S)NCCCn1ccnc1,59640.0
281,CHEMBL1724937,CN1C(=O)/C(=N\CCO)c2c3ccccc3c(O)c3cccc1c23,1392.0
282,CHEMBL1410659,CC(=O)Nc1ccc(N2C(=O)c3cccc4c(O)ccc(c34)C2=O)cc1,12602.0
283,CHEMBL1985601,CN(C)c1ccc(/C=N/N(CCO)C2=NS(=O)(=O)c3ccccc32)cc1,9400.0
284,CHEMBL1571034,COc1cc(OC)c(-c2c3cc(O)c(=O)cc-3oc3cc(O)c(O)cc23)cc1OC,5114.0
285,CHEMBL1453652,O=C(O)c1ccccc1-c1ccc(/C=C/c2cc(C(F)(F)F)nc(O)n2)o1,25022.0
286,CHEMBL3190111,COCCCn1/c(=N/C(=O)c2ccccc2)c(C#N)cc2c(=O)n3cccc(C)c3nc21,59640.0
287,CHEMBL1576762,Cc1n[nH]c(C)c1N1C(=O)c2cccc3c(N4CCCCCC4)ccc(c23)C1=O,15509.0
288,CHEMBL1362746,CCN(CC)C1=CC2=CC(=C(C#N)C#N)CCC2CC1,2396.0
289,CHEMBL1522563,Nc1ccc2ccc3cccc[n+]3c2c1.[O-][Cl+3]([O-])([O-])[O-],9333.0
290,CHEMBL1412067,CN1C(=O)c2cccc3c(N)ccc(c23)C1=O,7167.0
291,CHEMBL1373849,O=C1/C(=C\c2cc(Cl)c(O)c(Cl)c2)SC(=S)N1Cc1ccccc1,49421.0
292,CHEMBL1713905,CN1C(=O)/C(=N\CCc2ccccc2)c2c3ccccc3c(O)c3cccc1c23,9238.0
293,CHEMBL1990694,CCCC/N=C1\C(=O)N(C)c2cccc3c(O)c4ccccc4c1c23,11857.0
294,CHEMBL1322893,COc1ccccc1-c1csc(-n2ncc(C#N)c2N)n1,59640.0
295,CHEMBL1492044,CC(=O)Oc1ccc2c(c1)Oc1cc(OC(C)=O)ccc1C21OC(=O)c2ccccc21,39757.0
296,CHEMBL1502551,CCN(CC)c1ccc2cc(C(=O)NCc3ccc(F)cc3)c(=N)oc2c1,59640.0
297,CHEMBL1991136,CN(/N=C/c1ccc(N(C)C)cc1)C1=NS(=O)(=O)c2ccccc21,14965.0
298,CHEMBL1431610,O=c1cc(C(F)(F)F)c2cc3c4c(c2o1)CCCN4CCC3,22065.0
299,CHEMBL1583960,CCN(CC)c1ccc2cc(C=O)c(=O)oc2c1,38774.0
300,CHEMBL1583872,N#CC(C#N)=C1C=C2C=C(N3CCCCC3)CCC2CC1,2331.0
301,CHEMBL1510317,O=C1CCN2C=Nc3cccc4ccc1c2c34,9219.0
302,CHEMBL1557243,CC(C)n1cc(/C=C/c2cc[n+](C)cc2)c2ccccc21.[I-],29038.0
303,CHEMBL1446754,CCn1c(=S)sc2c(=O)n(CC(=O)Nc3ccccc3C(F)(F)F)c(C)nc21,59640.0
304,CHEMBL1606773,CCOc1cc2c(cc1/C=C/c1noc(C)c1[N+](=O)[O-])OC(C)C2,59640.0
305,CHEMBL1490312,CN1C(=O)/C(=C\c2ccc(N(C)C)cc2)OC1=S,59640.0
306,CHEMBL1331195,CN(C)/C=C1\C=C2C(=O)c3ccccc3N2C1=O,894.28
307,CHEMBL1557268,CCOC(=O)c1c2c3c(cccc3n(C)c1=O)C(=O)c1ccccc1-2,53721.0
308,CHEMBL1432003,CCCCC(Sc1nc(N)c(NC(=O)c2ccco2)c(O)n1)C(=O)O,59640.0
309,CHEMBL1320566,Cc1ccc2[nH]cc(/C=C/c3cc[n+](C)cc3)c2c1.[I-],25802.0
310,CHEMBL1513792,Cc1ccc(Cn2c(C(C)Nc3nc(-c4ccc(C)cc4)cs3)nc3cc(Cl)c(Cl)cc32)cc1,25174.0
311,CHEMBL1510658,CC(=O)N(c1cccc(C)c1)C1SC(=O)N(c2ccccc2)C1=O,54293.0
312,CHEMBL1392848,Nc1ccc(-c2c3ccc(=O)cc-3oc3cc(O)ccc23)cc1C(=O)O,4473.0
313,CHEMBL1332522,CCCCN(C)C1=CC2=CC(=C(C#N)C#N)CCC2CC1,4065.0
314,CHEMBL1538987,CC(C)(C)c1ccc(-c2c(C(=O)O)c(C(=O)O)c3n2CSC3)cc1,30576.0
315,CHEMBL1439847,Cc1nn(-c2ccccc2)c(Cl)c1/C=C(\CC(=O)O)c1nc2ccccc2s1,9264.0
316,CHEMBL1415476,CCCCCCn1c(=O)[nH]c2nc3cc(N)ccc3nc2c1=O,52496.0
317,CHEMBL1463795,CN1CCN(C2=CC3=CC(=C(C#N)C#N)CCC3CC2)CC1,2998.0
318,CHEMBL533293,CCN1/C(=C/C=C/c2oc3ccc4ccccc4c3[n+]2CC)Oc2ccc3ccccc3c21.Cc1ccc(S(=O)(=O)[O-])cc1,59640.0
319,CHEMBL1607380,COc1ccc(/C=C2\CCCc3c2nc2ccccc2c3C(=O)O)cc1OC,56050.0
320,CHEMBL2003304,CC/N=C1\C(=O)N(C)c2cccc3c(O)c4ccccc4c1c23,4927.0
321,CHEMBL1500251,Nc1cccc(N2C(=O)c3cccc4c(N)ccc(c34)C2=O)c1,26152.0
322,CHEMBL1472131,CCCCNc1ccc2c3c(cccc13)C(=O)N(CCCC)C2=O,25944.0
323,CHEMBL1372738,CCOc1ccc(-c2cc(C(=O)NCCCn3ccnc3)c3cc(Br)ccc3n2)cc1,59640.0
324,CHEMBL374632,CCN(CC)c1ccc2cc(-c3nc4ccccc4[nH]3)c(=O)oc2c1,2728.0
325,CHEMBL1523652,Oc1ccc2ccccc2c1-c1sc(Nc2ccccc2)n[n+]1-c1ccc(F)cc1.[Cl-],31979.0
326,CHEMBL1315955,COC(=O)c1sccc1NC(=O)c1ccc(C#N)cc1,59640.0
327,CHEMBL1542877,N=C1/C(=C\c2coc3ccccc3c2=O)C(=O)N=C2SC=CN12,25498.0
328,CHEMBL1425421,Cc1cc(OCc2cc(C(=O)O)oc2C)c2c3c(c(=O)oc2c1)CCCC3,582.0
329,CHEMBL1591156,Cc1cc(=O)oc2c3c(cc(OCC(=O)N4CCC[C@H]4C(=O)O)c12)OC(C)(C)CC3,4931.0
330,CHEMBL1448093,O=C1Nc2cc(C(=O)N3CCC(N4CCCCC4)CC3)ccc2S/C1=C\c1ccccc1,4514.0
331,CHEMBL1578600,Oc1nc2c(s1)C(c1cccnc1)C1C3CCC(C3)C1S2,33.94
332,CHEMBL1447888,COc1ccc2[nH]c(C(=O)O)c(CCN3C(=O)c4ccc(C(=O)O)cc4C3=O)c2c1,433.08
333,CHEMBL1574794,Cc1c(C)c2ccc(OCC(=O)N3CCC[C@@H]3C(=O)O)c(C)c2oc1=O,2089.0
334,CHEMBL1346167,O=C(CSc1nnc(NC(=O)c2cccc(F)c2)s1)NCc1ccco1,4552.0
335,CHEMBL1415903,Sc1nnc(-c2ccccc2)n1C1C=CCCC1,4989.0
336,CHEMBL3194647,O=[N+]([O-])c1ccccc1/C=C/C=N/n1c(S)nnc1-c1ccccc1F,6627.0
337,CHEMBL1358969,O=C(CSc1nnc(NC(=O)C2CC2)s1)NCc1ccccc1Cl,4623.0
338,CHEMBL1422515,CC1CCCC(C)N1C(=O)CSc1nnc(NC(=O)c2cccs2)s1,3920.0
339,CHEMBL1596878,CC1=C(C(=O)O)N2C(=O)C(NC(=O)c3nn(C)cc3[N+](=O)[O-])C2SC1,8541.0
340,CHEMBL1378904,O=C(CSc1nnc(NC(=O)c2ccccc2[N+](=O)[O-])s1)NCc1ccco1,2621.0
341,CHEMBL1464897,CCCn1c(S)nnc1C(C)C,3476.0
342,CHEMBL1373572,COc1ccc(-c2cc(C(F)(F)F)nc(N3CCN(C)CC3)n2)cc1,59640.0
343,CHEMBL1445447,Sc1nnc(C2CC2)n1Cc1ccco1,3761.0
344,CHEMBL1299716,Cc1n[nH]c(C)c1CCCCOc1ccc([N+](=O)[O-])cc1,5256.0
345,CHEMBL1555759,CCCc1cc(=O)oc2c3c(cc(OCC(=O)N[C@@H](C)C(=O)O)c12)OC(C)(C)CC3,6969.0
346,CHEMBL1540042,CCCCn1c(S)nnc1-c1ccoc1C,4246.0
347,CHEMBL1438203,Cc1ccc(-c2c(C(=O)O)c(C(=O)O)c3n2CSC3)cc1,2953.0
348,CHEMBL1558250,CCCCn1c(S)nnc1-c1nn(C)c(C)c1Cl,1993.0
349,CHEMBL1554968,Cc1cc(OCC(=O)N2CCC[C@@H]2C(=O)O)c2c(C)c(C)c(=O)oc2c1,5308.0
350,CHEMBL1324305,Cc1c(Cl)c(-c2nnc(S)n2-c2ccc(F)cc2)nn1C,6248.0
351,CHEMBL1379746,O=C(c1ccco1)N1N=C(c2ccc(Cl)cc2)CC1c1ccco1,1606.0
352,CHEMBL1401466,O=C(C1=C(O)C(=O)N(Cc2cccnc2)C1c1ccccn1)c1ccccc1,2170.0
353,CHEMBL1376656,O=C(CSc1nnc(NC(=O)c2ccccc2)s1)NCc1ccco1,4627.0
354,CHEMBL1389969,Sc1nnc(-c2ccco2)n1Cc1ccccc1,3514.0
355,CHEMBL1452412,Sc1nnc(-c2ccccc2)n1Cc1ccccc1,8303.0
356,CHEMBL1419367,C=CCn1c(S)nnc1C1CC1,8364.0
357,CHEMBL1445684,Sc1nnc(-c2ccc3ccccc3n2)n1-c1ccc2c(c1)OCCO2,7921.0
358,CHEMBL1340014,O=c1c2ccccc2cnn1Cc1nnc(S)n1C1CC2CCC1C2,9662.0
359,CHEMBL1390220,CC(C)Cn1c(S)nnc1-c1ccco1,4368.0
360,CHEMBL1455265,O=C(O)c1c(C(=O)O)c(-c2ccc(Br)cc2)n2c1CSC2,1508.0
361,CHEMBL1516970,Sc1nnc(-c2cccs2)n1C1CCCCC1,1310.0
362,CHEMBL3190779,CN(C)S(=O)(=O)c1cccc(NC(=S)N/N=C/C2CC=CCC2)c1,334.63
363,CHEMBL1498006,CC(C)(C)C(=O)Nc1nnc(CSCc2ccccc2F)s1,1964.0
364,CHEMBL1573007,O=[N+]([O-])c1ccc(-c2ccccc2)c([As](=O)(O)O)c1,244.79
365,CHEMBL1458632,NC(=O)SCC(=O)Nc1ccccc1C(=O)O,5267.0
366,CHEMBL1603777,CCOC(=O)c1[nH]c(C(=O)O)c(CCC(=O)OC)c1C,4995.0
367,CHEMBL3194162,O=C(O)c1cccc(NC(=S)N/N=C/c2ccccc2OCc2cccc(Br)c2)c1,1161.0
368,CHEMBL1435494,Cc1cc(=O)oc2c3c(cc(OCC(=O)N[C@@H](Cc4ccccc4)C(=O)O)c12)OC(C)(C)CC3,7509.0
369,CHEMBL1527705,Oc1nc(SCc2nnc(S)n2-c2ccccc2)nc2sc3c(c12)CCC3,4204.0
370,CHEMBL3196601,O=C(O)COc1ccccc1/C=N/n1c(S)nnc1C1CCCCC1,8619.0
371,CHEMBL1579462,O=C(O)/C=C/c1nnc2c3ccccc3cnn12,4442.0
372,CHEMBL3213100,COc1cc(OC)c(OC)cc1/C=N/NC(=O)CC1C(=O)NN=C1C,1460.0
373,CHEMBL1368761,COc1cc2c(cc1OC)C(C)N(C(=O)c1nccnc1C(=O)O)CC2,5735.0
374,CHEMBL1455686,CCn1c(S)nnc1-c1nn(-c2ccccc2)ccc1=O,8569.0
375,CHEMBL1469441,O=C(O)c1[nH]c2ccc(Br)cc2c1CCN1C(=O)c2cccc([N+](=O)[O-])c2C1=O,716.0
376,CHEMBL1492629,Cc1ccc(S(=O)(=O)n2[nH]c(=O)cc2NC(=O)c2cccs2)cc1,120.18
377,CHEMBL1410338,Cc1ccc(-c2nnc(S)n2-c2ccccc2)cc1,10063.0
378,CHEMBL1534296,O=C(O)c1ccccc1Sc1ncnc2sc3c(c12)CCC3,3910.0
379,CHEMBL3191768,COc1ccc(OC)c(/C=N/NC(=O)CC2C(=O)NN=C2C)c1,2131.0
380,CHEMBL1391244,CC(C)(C)c1ccc(-c2nnc(S)n2CCCN2CCOCC2)cc1,6728.0
381,CHEMBL1597507,O=C(CCN1C(=O)/C(=C/c2ccccc2F)SC1=S)NCCCn1ccnc1,4494.0
382,CHEMBL1414554,O=P(O)(O)c1ccccc1OCCCCCOc1ccccc1P(=O)(O)O,862.0
383,CHEMBL1423602,CSC[C@H](NC(=O)COc1cc2c(c3oc(=O)c(C)c(C)c13)CCC(C)(C)O2)C(=O)O,4210.0
384,CHEMBL3197536,CCc1nnc(S)n1/N=C/c1ccc(NC(C)=O)cc1,2078.0
385,CHEMBL1556501,CCOC(=O)N=S(N)(=O)c1ccccc1,4848.0
386,CHEMBL1548211,COc1ccccc1C(=O)Nc1nnc(SCC(=O)NCc2ccco2)s1,2608.0
387,CHEMBL1541211,COc1ccc(C(=O)C2=C(O)C(=O)N(Cc3ccco3)C2c2cc(OC)ccc2OC)cc1,5610.0
388,CHEMBL1315870,CCCCc1cc(=O)oc2c3c(cc(OCC(=O)N4CCC[C@H]4C(=O)O)c12)OC(C)(C)CC3,8931.0
389,CHEMBL3199800,O=[N+]([O-])c1ccccc1/C=N/n1c(S)nnc1C(F)(F)F,3120.0
390,CHEMBL1537904,O=C(O)CC/C(=C\c1cc([N+](=O)[O-])ccc1Cl)c1nc2ccccc2s1,4166.0
391,CHEMBL1576713,Cn1c(S)nnc1-c1sccc1OCc1ccc(Cl)cc1Cl,774.0
392,CHEMBL1532258,COc1cccc(-n2c(S)nnc2CNC(=O)OC(C)(C)C)c1,7834.0
393,CHEMBL1537972,O=C(CSc1nnc(NC(=O)c2cc(Br)ccc2Cl)s1)NCC1CCCO1,5872.0
394,CHEMBL1587451,O=C(CSc1nnc(NC(=O)c2c(F)cccc2F)s1)NCc1ccccc1,3622.0
395,CHEMBL1400031,Fc1ccccc1-c1nnc(S)n1Cc1ccccc1,4136.0
396,CHEMBL1456096,Sc1nnc(-c2cccs2)n1Cc1ccccc1,889.0
397,CHEMBL1414683,CC(C)(C)C(=O)Nc1nnc(SCC(=O)NCc2cccs2)s1,874.0
398,CHEMBL1538097,Cc1ccc(-n2c(S)nnc2-c2nn(C)c(C)c2Cl)cc1,3718.0
399,CHEMBL1517808,Cc1cccc(C(=O)Nc2nnc(SCC(=O)NCc3ccco3)s2)c1,21604.0
400,CHEMBL1556931,Sc1nnc(-c2ccccc2)n1CC1CCCO1,4154.0
401,CHEMBL1509766,Sc1nnc(C2CC2)n1Cc1ccccc1,940.0
402,CHEMBL1431288,Cc1cccc(C2c3[nH]c4ccccc4c3CCN2C(=O)c2cc(CC(C)C)nc(O)n2)n1,2742.0
403,CHEMBL3196939,CCc1nnc(S)n1/N=C/C(C)=C\c1ccccc1,332.29
404,CHEMBL1463059,Cc1cccc(-n2c(C)nnc2S)c1C,8269.0
405,CHEMBL1381292,Sc1nnc(Cn2c(-c3ccccn3)nc3ccccc32)n1-c1ccc2c(c1)OCCO2,4031.0
406,CHEMBL1314447,Cc1c(C)c2c(OCC(=O)N3CCC[C@H]3C(=O)O)cc3c(c2oc1=O)CCC(C)(C)O3,525.0
407,CHEMBL335619,O=C(O)Cn1cccc1C(=O)c1ccccc1,4035.0
408,CHEMBL1371432,COCC(C)NC(=O)c1cc2cccc([N+](=O)[O-])c2[nH]1,6150.0
409,CHEMBL1549144,CC(C)(C)CC(=O)Nc1nnc(SCC(=O)NCc2cccs2)s1,6641.0
410,CHEMBL1431535,O=C1Nc2cc(C(=O)NCCCN3CCOCC3)ccc2S/C1=C/c1ccccc1F,17583.0
411,CHEMBL1605748,O=C(O)c1ccccc1C(=O)c1cccc2ccccc12,3823.0
412,CHEMBL1522756,COc1ccccc1-n1c(S)nnc1-c1ccco1,5215.0
413,CHEMBL1577281,O=P(O)(O)c1ccccc1OCc1ccccc1,689.0
414,CHEMBL1606520,Cc1ccccc1C(=O)Nc1nnc(SCC(=O)NCc2ccco2)s1,1116.0
415,CHEMBL1483727,CSc1nc(SCC(=O)O)c2c3c(sc2n1)COC(C)(C)C3,5353.0
416,CHEMBL1402778,O=C(CSc1nnc(NC(=O)C2CCCCC2)s1)NCc1ccco1,2232.0
417,CHEMBL1493353,CC(C)(C)c1ccc(COc2ccsc2C(=O)O)cc1,5711.0
418,CHEMBL1573854,O=C(C1=C(O)C(=O)N(Cc2cccnc2)C1c1ccccn1)c1ccc(F)cc1,941.0
419,CHEMBL1328086,O=C(O)C1Sc2nc(O)sc2C2c3cc(Cl)ccc3OC(=O)C12,59640.0
420,CHEMBL1424340,CCN(CC)C(=O)CSc1nc2ccc(NC(=O)CSc3nccn3C)cc2s1,3610.0
421,CHEMBL1610243,Cc1cc(C(=O)OCC(=O)NC(=O)c2cccn2C)c2ccccc2n1,2296.0
422,CHEMBL1559733,O=C(C1=C(O)C(=O)N(Cc2cccnc2)C1c1ccccn1)c1cccs1,4829.0
423,CHEMBL1345175,CC1CCCCC1n1c(S)nnc1-c1cccnc1,4046.0
424,CHEMBL1557347,CCCCn1c(S)nnc1-c1nn(C)cc1Cl,1624.0
425,CHEMBL1606872,CCCCn1c(S)nnc1-c1sccc1C,961.0
426,CHEMBL1538815,C=C(c1cccc2ccccc12)P(=O)(O)O,2165.0
427,CHEMBL3191623,CC(=C/c1ccccc1)/C=N/n1c(S)nnc1-c1ccncc1,3255.0
428,CHEMBL1348676,Cc1nn(CCc2nnc(S)n2-c2cccc(Cl)c2)c(C)c1[N+](=O)[O-],4310.0
429,CHEMBL1584189,Sc1nnc(-c2ccco2)n1-c1cccc2ccccc12,3966.0
430,CHEMBL1594123,CCCc1cc(=O)oc2c3c(cc(OCC(=O)N4CCC[C@H]4C(=O)O)c12)OC(C)(C)CC3,1725.0
431,CHEMBL3194164,Oc1c(Br)cc(/C=N/n2c(S)nnc2-c2ccccc2)cc1Br,6096.0
432,CHEMBL3194460,O=C(O)c1cccc(NC(=S)N/N=C/c2ccccc2OCc2ccc(Br)cc2)c1,885.0
433,CHEMBL1326008,Cc1c(C)c2c(OCC(=O)N[C@@H](C)C(=O)O)cc3c(c2oc1=O)CCC(C)(C)O3,1538.0
434,CHEMBL1415221,Cn1c(S)nnc1-c1sccc1OCc1ccccc1,1202.0
435,CHEMBL1411914,O=Cc1c(O)nc2ccccc2c1NCc1ccc(Cl)cc1,9800.0
436,CHEMBL1577867,O=C(O)C(NC(=O)c1ccccc1)=C(Cl)Cl,7851.0
437,CHEMBL1397449,CCc1cc(=O)oc2c(C)c(OCC(=O)N3CCC[C@@H]3C(=O)O)ccc12,8963.0
438,CHEMBL1550381,CC(=O)c1ccc(-c2ccc(Cn3c(C)nc4cc(N)c(C)nc43)cc2)cc1,6285.0
439,CHEMBL1442450,Cn1ccnc1SCC(=O)Nc1ccc2nc(SCC(=O)NC3CC3)sc2c1,8995.0
440,CHEMBL1571964,Cc1c(OCC(=O)N2CCC[C@@H]2C(=O)O)ccc2c3c(c(=O)oc12)CCC3,5429.0
441,CHEMBL1388851,C=C(C)Cn1c(S)nnc1-c1cccs1,1385.0
442,CHEMBL1371319,COc1ccc(OC)c(C2C(C(=O)c3ccco3)=C(O)C(=O)N2Cc2cccnc2)c1,700.0
443,CHEMBL1481755,COCC(=O)Nc1nnc(SCC(=O)NCc2cccs2)s1,3623.0
444,CHEMBL3193161,CC(=C/c1ccccc1)/C=N/n1c(C)nnc1S,2503.0
445,CHEMBL1328892,O=C(O)c1[nH]c2ccc(Cl)cc2c1CCN1C(=O)c2ccccc2C1=O,373.61
446,CHEMBL1345758,COc1ccccc1-c1nnc(S)n1Cc1ccco1,6527.0
447,CHEMBL1464372,COc1ccc(-c2nnc(S)n2-c2ccc3c(c2)OCCO3)cc1OC,2617.0
448,CHEMBL1565378,CCCC(=O)Nc1nnc(SCC(=O)NCc2cccs2)s1,4684.0
449,CHEMBL1551022,Cc1cc(C)n(-c2nc(SCC(=O)O)c3c4c(sc3n2)COC(C)(C)C4)n1,9073.0
450,CHEMBL1511843,O=C(CSc1nnc(NC(=O)c2ccccc2F)s1)NCc1ccc(F)cc1,3653.0
451,CHEMBL1342574,Cc1ccc(NN2C(=O)C=C(c3ccccc3)C2=O)cc1,28689.0
452,CHEMBL1539486,CCOC(=O)c1ccc(NC(=O)Nc2ccon2)cc1,49716.0
453,CHEMBL1587764,Cc1ccccc1N1C(=O)CC(Sc2nnc(-c3ccccc3)o2)C1=O,12702.0
454,CHEMBL1418341,Cc1cccc2sc(N(CCCN(C)C)C(=O)CCS(=O)(=O)c3ccccc3)nc12,49751.0
455,CHEMBL1539520,COc1ccc(C(=O)/C=C/C(=O)N(CC(=O)NC2CCCCC2)Cc2cccs2)c(O)c1,24738.0
456,CHEMBL2130584,CCOC(=O)[C@]12Cc3ccc(C)cc3[C@H]1N(C1CCCCC1)C(=O)c1ccccc12,19985.0
457,CHEMBL2130621,CCOC(=O)[C@]12Cc3ccccc3[C@H]1N(C1CCCCC1)C(=O)c1cc(OC)ccc12,47982.0
458,CHEMBL1497139,N#CC(C#N)=C1C=CC=CN1/C(=C\c1ccco1)C(=O)c1ccc(Br)cc1,44714.0
459,CHEMBL1485865,COC(=O)c1ccc2c(c1)C(C)(C)C(/C=C/c1ccc(OC)c(OC)c1OC)=[N+]2C.[I-],39105.0
460,CHEMBL1717890,O=C(NC1=CC(=O)c2ccccc2C1=O)c1ccccc1,49836.0
461,CHEMBL1610025,CCC(=O)OCCNc1cc(Sc2nc3ccccc3s2)c2nonc2c1[N+](=O)[O-],12151.0
462,CHEMBL1521425,N#Cc1ccccc1Cn1cc(/C=C/[N+](=O)[O-])c2ccccc21,24403.0
463,CHEMBL1518934,N#Cc1cccc(NC(=O)COC(=O)c2ccccc2C(=O)c2ccc(Cl)c([N+](=O)[O-])c2)c1,49761.0
464,CHEMBL1406130,O=c1c2cc(F)ccc2sn1-c1ccccc1,23716.0
465,CHEMBL1708074,COC(=O)C1=C(C(=O)OC)SC2(S1)C(C(=O)OC)=C(C(=O)OC)Sc1c2ssc1=O,14114.0
466,CHEMBL1428935,N#CC(C#N)=C1C=CC=CN1/C(=C\c1ccco1)C(=O)c1ccc(Cl)cc1,45884.0
467,CHEMBL1319018,CN1CCN(c2ccc(S(=O)(=O)N3CCCCC3)cc2NC(=O)/C=C/c2ccc(Cl)c([N+](=O)[O-])c2)CC1,49756.0
468,CHEMBL1477197,COCCN(CC(=O)NC1CCCCC1)C(=O)/C=C/C(=O)c1ccc(OC)cc1O,17821.0
469,CHEMBL1967436,CCCCCOc1ccc(Br)cc1/C(C)=N/NC1=NCCN1,49756.0
470,CHEMBL1967952,CCN(CC)CCN1C(=O)/C(=C\c2ccc(Cl)c([N+](=O)[O-])c2)S/C1=N\c1ccc(OC)cc1,49741.0
471,CHEMBL2373614,CC1=C(CO)C(=O)OC([C@@H](C)C2CC[C@H]3C4C[C@H]5O[C@]56[C@@H](O)C=CC(=O)[C@]6(C)C4CC[C@]23C)C1,49766.0
472,CHEMBL1967856,CS(=O)(=O)c1ccc(C(=O)OCC(=O)N2CCN(CCC3CCCCC3)CC2)cc1[N+](=O)[O-].O=C(O)C(F)(F)F,11645.0
473,CHEMBL1411388,CC(=O)Nc1ccc(S(=O)(=O)N2c3ccccc3C(C)=CC2(C)C)cc1,49744.0
474,CHEMBL1613445,CCc1ccc2nc(N(CCCN(C)C)C(=O)c3ccc(S(=O)(=O)N4CCc5ccccc5C4)cc3)sc2c1.Cl,49746.0
475,CHEMBL1474947,O=C(Cn1ncc(Cl)c(Cl)c1=O)Nc1ccc2c(c1)OCO2,49741.0
476,CHEMBL1535938,COc1ccc(CC2=CC(=O)c3ccccc3C2=O)cc1,49748.0
477,CHEMBL2130991,CCOC(=O)[C@]12Cc3ccc(C)cc3[C@H]1N(C1CCCCC1)C(=O)c1cc(OC)ccc12,19115.0
478,CHEMBL1698845,CCN(CC)c1ccc(C(=C2C=CC(=[N+](CC)CC)C=C2)c2ccc(N(CC)CC)cc2)cc1.[Cl-],10805.0
479,CHEMBL1723607,O=C(Cn1sc2ccccc2c1=O)Nc1ccc(Br)cc1,49766.0
480,CHEMBL1864580,O=c1ccc2ccccc2c2ccccc12,49806.0
481,CHEMBL2134789,CCOC(=O)[C@]12Cc3cc(Cl)ccc3[C@H]1N(C1CCCCC1)C(=O)c1cc(OC)ccc12,16809.0
482,CHEMBL1504283,O=C(Nc1ccc(F)cc1)c1nn(-c2ccccc2)c(=O)cc1Cl,49751.0
483,CHEMBL1864760,C#CCN(C[C@@H]1[C@@H](OC(=O)NCc2ccccc2F)[C@@H](OC(=O)NCc2ccccc2F)Cn2c(=O)ccc(=O)n21)S(=O)(=O)c1ccc(C)cc1,49741.0
484,CHEMBL1709419,O=C(Cn1sc2ccccc2c1=O)Nc1ccc(F)cc1,19343.0
485,CHEMBL1464798,Cc1cccc(CS(=O)(=O)c2ncc(Cl)c(C(=O)NCc3ccc4c(c3)OCO4)n2)c1,21147.0
486,CHEMBL607553,Cc1cccc(-n2ncc(Cl)c(Cl)c2=O)c1,49801.0
487,CHEMBL1531245,CCCCn1c(=O)[nH]c(=O)c2c1nc(Cn1ncc(Cl)c(Cl)c1=O)n2CCC,49751.0
488,CHEMBL1346587,COc1ccc(-c2cc(N)n(S(=O)(=O)c3c(F)c(F)c(F)c(F)c3F)n2)cc1OC,34276.0
489,CHEMBL1361740,CCn1nc(C)cc1-c1nnc(Sc2ncc([N+](=O)[O-])s2)n1C,49796.0
490,CHEMBL1973156,O=C(/C=C1\C(=O)Nc2ccccc21)/C=C1\C(=O)Nc2ccccc21,28601.0
491,CHEMBL1443188,CN(CC(=O)Nc1ccccc1Cl)C(=O)COC(=O)c1nc(Cl)c(Cl)c(Cl)c1Cl,49751.0
492,CHEMBL1361913,O=C(c1ccccc1)c1ccccc1N1C(=O)C=CC1=O,15543.0
493,CHEMBL1585742,O=C(NCc1ccc2c(c1)OCO2)c1nc(S(=O)(=O)Cc2ccccc2)ncc1Cl,32535.0
494,CHEMBL1343392,Cc1ccc(C(=O)OCn2ncc(Cl)c(Cl)c2=O)cc1,49748.0
495,CHEMBL327502,COc1ccc(-n2sc3ccccc3c2=O)cc1,27039.0
496,CHEMBL1700000,Cn1cnc([N+](=O)[O-])c1S(=O)(=O)Oc1cccc2ccccc12,49740.0
497,CHEMBL508338,,18297.0
498,CHEMBL1974389,CC1=C(C)/C(=N\OS(=O)(=O)c2ccc(C)cc2)C=CC1=O,31009.0
499,CHEMBL1397665,Clc1nssc1=Nc1nncs1,49761.0
500,CHEMBL1710136,Cc1cc2[nH]c3c4ccccc4nc(C)c3c2cc1C,23631.0
501,CHEMBL1333510,O=C(Nc1ccccc1)c1nnsc1S(=O)(=O)c1ccc(Cl)cc1,18824.0
502,CHEMBL509617,CC1CC(C)(O)CC(C(O)CC2CC(=O)NC(=O)C2)C1=O,49685.0
503,CHEMBL1508121,O=C1C=C(c2ccccc2)C(=O)N1Nc1ccccc1,18676.0
504,CHEMBL1579152,N#CC(C#N)=C1C=CC=CN1/C(=C\c1ccco1)C(=O)c1ccc(-c2ccccc2)cc1,49771.0
505,CHEMBL1700347,CC1=CC2OC3CC4OC(=O)C=CC=CC(=O)OCCC(C)C(O)C(=O)OCC2(CC1O)C4(C)C31CO1,49729.0
506,CHEMBL1897634,C=C1C(=O)[C@]23C[C@H]1CCC2[C@@]1(C)C(C[C@@H]3O)[C@](C)(C(=O)OC)CC[C@@H]1O,24182.0
507,CHEMBL213580,COc1ccc([N+](=O)[O-])c(S(=O)(=O)c2ccccc2)n1,49742.0
508,CHEMBL1720128,Cc1ccc(NC(=O)Cn2sc3ccccc3c2=O)cc1,17668.0
509,CHEMBL1465409,CCC(=O)Nc1ccc(C(=O)Cn2ncc(Cl)c(Cl)c2=O)cc1,49742.0
510,CHEMBL1317758,COc1ccc(OC)c2sc(N(CCCN(C)C)C(=O)CCS(=O)(=O)c3ccccc3)nc12.Cl,32077.0
511,CHEMBL1450616,O=C1CC(Sc2nnnn2-c2ccccc2)C(=O)N1c1cccc(Cl)c1,12637.0
512,CHEMBL1710429,Cc1[nH]c2ccccc2c1C1=CC(=O)C=CC1=O,19927.0
513,CHEMBL1306900,COc1cccc2sc(N(CCCN(C)C)C(=O)CCS(=O)(=O)c3ccccc3)nc12,17165.0
514,CHEMBL1710471,Cl.O=C1/C(=C/c2ccccc2)CN(C(=O)CCN2CCOCC2)C/C1=C\c1ccccc1,49687.0
515,CHEMBL1468847,O=C(Cn1ncc(Cl)c(Cl)c1=O)c1ccc(Cl)cc1,49756.0
516,CHEMBL1531308,O=C(C#Cc1ccccc1)c1ccco1,49761.0
517,CHEMBL1310644,Cc1cc(N2CCOCC2)ccc1/C=C\[N+](=O)[O-],49708.0
518,CHEMBL1719994,Cl.O=C1/C(=C\c2ccc(Cl)c(Cl)c2)CN(C(=O)CCN2CCOCC2)C/C1=C/c1ccc(Cl)c(Cl)c1,31412.0
519,CHEMBL1572920,CC(=O)N1CCN(c2ccc(NC(=O)c3ccc([N+](=O)[O-])o3)cc2Cl)CC1,49756.0
520,CHEMBL1566706,O=[N+]([O-])/C=C/c1cn(Cc2ccc(Cl)cc2)c2ccccc12,49743.0
521,CHEMBL1465592,CC(C)(C)C(=O)/C(=C\c1cccc([N+](=O)[O-])c1)n1cncn1,49750.0
522,CHEMBL1710798,CC(=O)Nc1ccc2sn(-c3ccccc3)c(=O)c2c1,23425.0
523,CHEMBL1453089,O=[N+]([O-])/C=C/c1ccc2c(ccn2Cc2ccccc2)c1,30013.0
524,CHEMBL1458726,Cc1cc(SC#N)cc(C)c1NC(=O)CCl,49743.0
525,CHEMBL1606613,COc1ccccc1-c1cc(C(F)(F)F)nc(S(C)(=O)=O)n1,49751.0
526,CHEMBL1878035,O=C1C(=C(c2ccccc2)N2CCOCC2)Cc2ccccc21,49791.0
527,CHEMBL1720897,CN(C)CCC(=O)N1C/C(=C/c2ccccc2)C(=O)/C(=C\c2ccccc2)C1.Cl,49681.0
528,CHEMBL1586425,CNC(=O)c1nnsc1S(=O)(=O)c1ccc(Cl)cc1,11345.0
529,CHEMBL1319618,O=c1c(Cl)c(Cl)cnn1Cc1nnc(-c2ccccc2Br)o1,49756.0
530,CHEMBL1573201,O=[N+]([O-])/C=C\c1ccc(N2CCOCC2)cc1,49771.0
531,CHEMBL2139295,CCOC(=O)[C@]12Cc3cc(C)ccc3[C@H]1N(C1CCCCC1)C(=O)c1ccccc12,38995.0
532,CHEMBL1867341,O=[N+]([O-])c1ccc(Sc2ccncn2)c([N+](=O)[O-])c1,49722.0
533,CHEMBL1441181,CNC(=O)COC(=O)c1ccccc1C(=O)c1ccc(Cl)c([N+](=O)[O-])c1,49735.0
534,CHEMBL1720734,C=CC(=O)N1C/C(=C/c2ccc(Cl)cc2)C(=O)/C(=C\c2ccc(Cl)cc2)C1,49756.0
535,CHEMBL1517381,O=C(NCCN1C(=O)S/C(=C\c2ccc(Cl)c([N+](=O)[O-])c2)C1=O)C1=COCCO1,49756.0
536,CHEMBL1303914,COc1ccc(C2=CC(=O)N(Nc3ccccc3)C2=O)cc1,49781.0
537,CHEMBL1566835,COc1cc2c(cc1/C=C/[N+](=O)[O-])OCO2,49710.0
538,CHEMBL1981797,CC1=CC(=O)C(C(C)C)=C/C1=N/OS(=O)(=O)c1ccccc1,49756.0
539,CHEMBL1364723,CC1=C(C)C[S+]([O-])N(S(=O)(=O)c2ccc(Cl)cc2)C1,25756.0
540,CHEMBL1544131,Cc1ccc(-n2ncc(Br)c(Br)c2=O)cc1,49746.0
541,CHEMBL1731017,CCN(CC)CCC(=O)N1C/C(=C/c2ccccc2)C(=O)/C(=C\c2ccccc2)C1.Cl,49781.0
542,CHEMBL1702031,CC(C)(C)NCC(=Cc1ccccc1)C(=O)c1ccccc1,49851.0
543,CHEMBL610198,O=c1c(Cl)c(Cl)cnn1-c1ccccc1,49747.0
544,CHEMBL1878940,N#CC1c2ccccc2-n2nncc2CN1Cc1cc(Cl)cc(Cl)c1,49751.0
545,CHEMBL1730870,CC(=O)Oc1ccccc1C(=O)C=Cc1cccc([N+](=O)[O-])c1,49730.0
546,CHEMBL126602,O=C1Nc2ccccc2/C1=C\C(=O)c1ccccc1,49743.0
547,CHEMBL1311185,O=C(Nc1ccccc1)C1=C(c2ccccc2)S(=O)(=O)CCS1(=O)=O,49744.0
548,CHEMBL3392492,CC(OC(=O)c1ccc(S(C)(=O)=O)c([N+](=O)[O-])c1)C(=O)NC1C2CC3CC(C2)CC1C3,49751.0
549,CHEMBL1414311,COc1nn(-c2ccccc2)c(=O)c(Cl)c1Cl,49730.0
550,CHEMBL2139498,CCOC(=O)[C@]12Cc3cc(OC)ccc3[C@H]1N(C1CCCCC1)C(=O)c1cc(OC)ccc12,49745.0
551,CHEMBL1544423,CCc1ccc2c(c1)/C(=C/C(=O)c1cccs1)C(=O)N2,49746.0
552,CHEMBL1370704,Cc1cc(C)c2c(=O)n(CC(=O)Nc3ccc(Cl)cc3)sc2n1,23611.0
553,CHEMBL1556661,CC(C)(C=O)C1=CC(=O)c2ccccc2C1=O,11486.0
554,CHEMBL1731349,C=CC(=O)N1C/C(=C/c2ccc(F)cc2)C(=O)/C(=C\c2ccc(F)cc2)C1,49690.0
555,CHEMBL1712082,CC1=C(O)C(=O)C=C2C1=CC=C1C2(C)CCC2(C)C3CC(C)(C(=O)O)CCC3(C)CCC12C,38137.0
556,CHEMBL1423626,C=CCn1c(O)nnc1Sc1ncc([N+](=O)[O-])s1,41976.0
557,CHEMBL1423567,COc1cc(/C=C/[N+](=O)[O-])ccc1OC(=O)c1cccnc1,49761.0
558,CHEMBL1509181,COc1ccc(OC)c2sc(N(CCN(C)C)C(=O)/C=C/c3cccs3)nc12.Cl,49706.0
559,CHEMBL3195455,COc1ccc(/N=C2\S/C(=C\c3ccc(Cl)c([N+](=O)[O-])c3)C(=O)N2CCN(C)C)cc1.Cl,49745.0
560,CHEMBL1459140,CC(C)(C)C(=O)/C(=C/c1cccc([N+](=O)[O-])c1)n1cncn1,49751.0
561,CHEMBL1889898,C=C1C(=O)[C@]23C[C@H]1CCC2[C@@]1(C)C(C[C@@H]3O)[C@](C)(C(=O)OC)CC[C@@H]1OC(C)=O,18042.0
562,CHEMBL1703200,O=c1c2ccc(F)cc2sn1-c1ccccc1,23408.0
563,CHEMBL2143481,CCOC(=O)[C@]12Cc3c(cc(OC)c(OC)c3OC)[C@H]1N(C1CCCCC1)C(=O)c1ccccc12,25486.0
564,CHEMBL1889303,C=C1C(=O)[C@]23C[C@H]1CC[C@H]2[C@]1(C)[C@@H](OC(C)=O)CC[C@@](C)(C(=O)OC)[C@H]1C[C@@H]3OC(C)=O,49801.0
565,CHEMBL1359902,COc1ccc(C(=O)/C=C/C(=O)N(CC(=O)NC2CCCCC2)CC2CCCO2)c(O)c1,19929.0
566,CHEMBL1561395,O=C1N/C(=C/c2ccc(N3CCOCC3)o2)C(=O)N1c1cccc(Cl)c1,21302.0
567,CHEMBL1374957,C=CCOc1cccc(C(=O)/C=C2/C(=O)Nc3ccccc32)c1,49750.0
568,CHEMBL1307636,O=S(=O)(c1cnc(Cl)c(Br)c1)N1CCc2ccccc21,49751.0
569,CHEMBL1702693,CN(C)CCC(=O)C(Cc1ccccc1)c1ccccc1.Cl,49781.0
570,CHEMBL1370977,Cc1cc(N2CCN(C)CC2)ccc1NC(=O)c1c2c(nc3ccccc13)CCN(Cc1ccccc1)C2,12330.0
571,CHEMBL1384167,Cc1ccccc1Oc1cc(-n2ncc(Cl)c(Cl)c2=O)ncn1,49750.0
572,CHEMBL1445650,COc1cc(NS(=O)(=O)c2ccc(C)cc2)c2ncccc2c1,49766.0
573,CHEMBL1502104,C=CCN1C(=O)/C(=C2/C(=O)Nc3ccccc32)c2ccccc21,49728.0
574,CHEMBL1548439,Cc1cccc(C)c1NC(=O)c1nc(S(=O)(=O)Cc2ccccc2)ncc1Cl,49743.0
575,CHEMBL2132689,CCCCCN1C(=O)c2cc(OC)ccc2[C@@]2(C(=O)OCC)Cc3cc(Cl)ccc3[C@@H]12,18758.0
576,CHEMBL1605956,CCOC(=O)c1ccc(NC(=O)Cn2ncc(Cl)c(Cl)c2=O)cc1,49745.0
577,CHEMBL1712850,O=C(Cn1ncc(Cl)c(Cl)c1=O)NC(=O)NC1CCCCC1,49746.0
578,CHEMBL1520247,Cc1noc2ncnc(Sc3ccccc3Cl)c12,49750.0
579,CHEMBL1447796,O=c1oc(-c2ccccc2)cc(Cl)c1Cl,49747.0
580,CHEMBL1362660,COc1cc(OC)nc(-n2ncc(Br)c(Br)c2=O)n1,49746.0
581,CHEMBL1988648,CC1OC2CC(=O)OC2C2=C1C(=O)c1c(O)cccc1C2=O,38184.0
582,CHEMBL599098,O=[N+]([O-])c1cc(Br)c(Nc2ccccc2)c([N+](=O)[O-])c1,49756.0
583,CHEMBL1580134,COc1ccc(C(=O)/C=C2/C(=O)Nc3ccccc32)c(OC)c1,49743.0
584,CHEMBL1722641,CC(=O)OC1C(O)C(C)OC(OC2C(OC(=O)C3CCC4C(C3)OC3(CC(OC(=O)/C=C/c5ccccc5)C(C)CO3)C43CO3)OC(C)C(O)C2OC(C)=O)C1O,49751.0
585,CHEMBL1544797,COc1ccc(/C=C2\CN(Cc3ccccc3)C/C(=C\c3ccc(OC)c(O)c3)C2=O)cc1O,49744.0
586,CHEMBL1990598,CN1C2CCC1/C(=C/c1ccccn1)C(=O)/C2=C\c1ccccn1,49742.0
587,CHEMBL1520143,O=c1c2ccccc2sn1-c1ccc(F)cc1,29523.0
588,CHEMBL367376,O=C1NC2C(=CC(O)C(O)C2O)c2cc3c(c(O)c21)OCO3,49732.0
589,CHEMBL1881880,CC(=O)ON=C1C=CC(=C(C#N)c2ccccc2)C=C1,49786.0
590,CHEMBL1541441,COC(=O)[C@@H]1[C@@H](C(=O)OC)C2(c3ccccc3-c3ccccc32)N(c2ccc(Cl)cc2)N1C#N,49756.0
591,CHEMBL1334550,Cc1cccc(CS(=O)(=O)c2ncc(Cl)c(C(=O)NCc3ccccc3)n2)c1,12265.0
592,CHEMBL1375338,CS(=O)(=O)c1nc(-c2ccc(F)cc2)cc(C(F)(F)F)n1,17738.0
593,CHEMBL1703892,O=C1/C(=C\c2ccc([N+](=O)[O-])cc2)CS(=O)(=O)C/C1=C/c1ccc([N+](=O)[O-])cc1,36398.0
594,CHEMBL1571290,O=C(NCc1cccnc1)/C(=C\c1ccc(-c2cccc(Cl)c2)o1)S(=O)(=O)c1ccccc1,49751.0
595,CHEMBL1456324,CC(C)(C)[C@H](N)C(=O)N[C@H]1CCC2C3CC=C4C[C@@H](O)CC[C@]4(C)C3CC[C@@]21C,19498.0
596,CHEMBL1881622,Cn1cnc([N+](=O)[O-])c1S(=O)(=O)Oc1ccc(Cl)cc1,49727.0
597,CHEMBL1352171,Cc1ccc(-n2nc3c(N4CCC(C(=O)NCc5ccccc5C)CC4)nnc(C)c3c2C)cc1,16168.0
598,CHEMBL1365425,Cc1noc2ncnc(Sc3c(Cl)cccc3Cl)c12,49756.0
599,CHEMBL1703795,CC(=O)OCC12CC(OC(=O)CC(C)C)C(C)=CC1OC1C(O)C(OC(C)=O)C2(C)C12CO2,49791.0
600,CHEMBL1583665,CCOc1ccc(/C=C/[N+](=O)[O-])c2ccccc12,43127.0
601,CHEMBL598263,COc1ccc(CC2NCC(O)C2OC(C)=O)cc1,49743.0
602,CHEMBL1901984,C=C1C(=O)[C@]23C[C@H]1CCC2[C@]1(C)CCC[C@@](C)(C(=O)O)C1C[C@@H]3O,49796.0
603,CHEMBL1431608,Cc1ccc(S(=O)(=O)c2ccc([N+](=O)[O-])cn2)cc1,49806.0
604,CHEMBL1505902,Cc1nc2c(=O)n(C)c(=O)n(C)c2nc1Cl,49791.0
605,CHEMBL1713955,CC(=O)OC1C2(CC3N4C(=O)C5(CO)SSC4(CC31O)C(=O)N5C)OC(C)C(C)(C)C2=O,49761.0
606,CHEMBL582983,CC(=O)OC1(C)CC(C)C(=O)C(C(O)CC2CC(=O)NC(=O)C2)C1,49771.0
607,CHEMBL1228,CCCCC1C(=O)N(c2ccccc2)N(c2ccc(O)cc2)C1=O,43545.0
608,CHEMBL423192,COc1ccc(C[C@H]2NC[C@H](O)[C@H]2OC(C)=O)cc1,49751.0
609,CHEMBL523200,O=[N+]([O-])c1ccc(Sc2nc3ccccc3o2)c([N+](=O)[O-])c1,49751.0
610,CHEMBL1705207,O=C(Cn1sc2ccccc2c1=O)Nc1ccc(Cl)cc1,49746.0
611,CHEMBL1490225,O=[N+]([O-])c1cc(S(=O)(=O)N2CCCCCC2)ccc1F,49750.0
612,CHEMBL1402332,COc1ccc(CNC(=O)c2nc(S(=O)(=O)Cc3ccccc3)ncc2Cl)cc1,20995.0
613,CHEMBL1724428,CC1=CC2OC3CC4OC(=O)/C=C\C=CC(C(C)O)OCC(O)C(C)CC(=O)OCC2(CC1O)C4(C)C31CO1,49751.0
614,CHEMBL2144242,CCOC(=O)[C@]12Cc3cc(C)ccc3[C@H]1N(C1CCCCC1)C(=O)c1cc(OC)ccc12,19347.0
615,CHEMBL260148,CC(C)[C@H](NC(=O)OC(C)(C)C)c1nnc(S(=O)(=O)Cc2c(F)cccc2Cl)o1,10482.0
616,CHEMBL1520753,O=[N+]([O-])c1ccc(S(=O)(=O)c2ccccc2)nc1,49741.0
617,CHEMBL1714827,CC(=O)O[C@H]1C[C@@H]2OC3C=C(C)CCC3(C)[C@@]1(C)[C@@]21CO1,49761.0
618,CHEMBL1604546,CC1(C)CC(=O)C2=C(C1)OC1=C(C(=O)CC(C)(C)C1)C2c1ccc(O)cc1O,49732.0
619,CHEMBL1705093,CCOC(=O)c1cc([N+](=O)[O-])cc([N+](=O)[O-])c1Sc1[nH]cnc2ncnc1-2,49687.0
620,CHEMBL1308404,O=[N+]([O-])c1c(Nc2ccc(O)cc2)cc(Cl)c2nonc12,5979.0
621,CHEMBL1871738,Cl.O=C1/C(=C\c2ccccc2)CN(C(=O)CCN2CCCCC2)C/C1=C/c1ccccc1,49771.0
622,CHEMBL2140569,CCOC(=O)[C@]12Cc3cc(Cl)ccc3[C@H]1N(C(C)C)C(=O)c1ccccc12,45228.0
623,CHEMBL1724806,,49786.0
624,CHEMBL1308497,O=C(Nc1ccc2nc3n(c(=O)c2c1)CCCCC3)c1c(F)ccc([N+](=O)[O-])c1F,49745.0
625,CHEMBL1301723,N#CC(C#N)=C1C=CC=CN1/C(=C\c1ccco1)C(=O)c1ccccc1,49751.0
626,CHEMBL1612634,COc1ccc(C(C[N+](=O)[O-])n2nc(C)cc2C)cc1,49751.0
627,CHEMBL1338958,CC[C@@H](C)[C@H](NC(=O)OC(C)(C)C)c1nnc(S(=O)(=O)Cc2cc(C)ccc2C)o1,15204.0
628,CHEMBL1460167,C=CCOc1ccccc1C(=O)/C=C1/C(=O)Nc2ccccc21,49710.0
629,CHEMBL1372112,Cl.O=C(c1ccc(Br)cc1)C(CN1CCOCC1)c1ccccc1,49751.0
630,CHEMBL1724645,C=C1C(=O)C23CCC4C(C)(C(=O)OC)CCCC4(C)C2CCC1(O)C3,46785.0
631,CHEMBL1705256,COc1ccc(CC2C(=O)NC(C)C(=O)N(C)C3Cc4ccc(cc4)Oc4cc(ccc4O)CC(C(=O)NC(C)C(=O)NC(C)C(=O)N2C)N(C)C3=O)cc1,49751.0
632,CHEMBL1353015,O=C(Cn1ncc(Cl)c(Cl)c1=O)NCC1CCCCC1,49756.0
633,CHEMBL2144540,CCOC(=O)[C@]12Cc3cc(Cl)ccc3[C@H]1N(C1CCCCC1)C(=O)c1ccccc12,19946.0
634,CHEMBL1510664,ClC(Cl)(c1nnnn1-c1ccccc1)c1nnnn1-c1ccccc1,16587.0
635,CHEMBL2137334,CCOC(=O)[C@]12Cc3c(cc(OC)c(OC)c3OC)[C@H]1N(C1CCCCC1)C(=O)c1cc(OC)ccc12,49756.0
636,CHEMBL1529115,Cc1ccc(NC(=O)C2=C(c3ccccc3)S(=O)(=O)CCS2(=O)=O)cc1,49751.0
637,CHEMBL1370681,COC(=O)CCS(=O)(=O)c1nc(-c2ccccc2)cc(C(F)(F)F)n1,16389.0
638,CHEMBL1895152,Cc1c(C(=O)Nc2ccccc2)c2ccc(C(F)(F)F)cc2n1O,19442.0
639,CHEMBL1353194,COc1ccc(-c2cc(C(F)(F)F)nc(S(C)(=O)=O)n2)cc1,49761.0
640,CHEMBL2144534,CCOC(=O)[C@]12Cc3cc(OC)ccc3[C@H]1N(C1CCCCC1)C(=O)c1ccccc12,49745.0
641,CHEMBL1735539,CCOC(=O)c1c(SCCN2CCCC2)n(-c2ccccc2)c(=S)n(-c2ccccc2)c1=O,49746.0
642,CHEMBL1520801,Cc1nc([N+](=O)[O-])c(Br)n1Cc1ccc(Cl)c(Cl)c1,49751.0
643,CHEMBL1904111,CCSc1ccc(-c2cc(NC=O)c3ncc(-c4cccc(C(=O)NCCN(C)C)c4)n3c2)cc1,20003.0
644,CHEMBL45152,O=c1c2ccccc2sn1-c1ccccc1,16634.0
645,CHEMBL1342053,CCn1c(=O)c([N+](=O)[O-])c(Cl)c2ccccc21,49735.0
646,CHEMBL1405717,N#C/C(C(=O)Nc1ccc(Cl)cc1)=C(/S)Nc1ccccc1,49751.0
647,CHEMBL1323536,O=C(NCc1cccnc1)/C(=C\c1ccc(-c2ccc(Br)cc2)o1)S(=O)(=O)c1ccccc1,49751.0
648,CHEMBL2001648,CC(=O)OC1CC2OC3C=C(C)CCC3(C)C1(C)C21CO1,49756.0
649,CHEMBL309016,COc1cc(/C=C/[N+](=O)[O-])ccc1O,49796.0
650,CHEMBL535307,CCC1CN2CCc3cc(OC)c(OC)cc3C2CC1CC1NCCc2c1[nH]c1ccc(O)cc21,49796.0
651,CHEMBL3190145,O=C(CN1CCN(S(=O)(=O)c2ccc(Br)cc2)CC1)N/N=C/c1ccc(Cl)c([N+](=O)[O-])c1,48731.0
652,CHEMBL1314602,COc1ccc(-n2sc3ccc(F)cc3c2=O)cc1,19902.0
653,CHEMBL1447306,CC1=NNC(=O)/C1=C\c1cn(-c2ccccc2)nc1-c1ccccc1,49756.0
654,CHEMBL309474,C=C1CC(Cn2cc(Br)c(=O)[nH]c2=O)(c2ccc(-c3ccccc3)cc2)OC1=O,12196.0
655,CHEMBL578929,CC1CC(C)CC(C)C(O)C(C#N)=CC=CCC(C2CCCC2C(=O)O)OC(=O)CC(O)C(C)C1,49786.0
656,CHEMBL1550406,CCOc1cc(/C=C2\COc3ccccc3C2=O)cc(Br)c1OCC(=O)N(C)C,49751.0
657,CHEMBL1424951,CC(NC(=O)CN(c1cccc(C(F)(F)F)c1)S(=O)(=O)c1ccc(Cl)c([N+](=O)[O-])c1)c1ccccc1,49751.0
658,CHEMBL1382215,Cc1cc(Br)ccc1NC(=O)CNC(=O)Cn1ncc(Cl)c(Cl)c1=O,49747.0
659,CHEMBL1712120,O=S(=O)(Nc1ccc(C(O)(C(F)(F)F)C(F)(F)F)cc1)c1ccc(Cl)c2nonc12,41635.0
660,CHEMBL1726134,O=C1C(=C(I)I)c2ccccc2-c2ccccc21,49720.0
661,CHEMBL1533279,O=C1C=C(c2ccc(Cl)cc2)C(=O)N1Nc1ccccc1,12984.0
662,CHEMBL1451470,O=C(NCc1cccnc1)/C(=C\c1ccc(-c2ccc(Cl)c(Cl)c2)o1)S(=O)(=O)c1ccccc1,26682.0
663,CHEMBL1883309,CC(=O)OC1CCC2(C)C(CCC3C4CC=C(C(C)=O)C4(C)OC(=O)CC32)C1,49756.0
664,CHEMBL1540377,O=C(Cn1ncc(Cl)c(Cl)c1=O)N1CCN(S(=O)(=O)c2ccc3ccccc3c2)CC1,49751.0
665,CHEMBL1530173,Cc1cccc(C(=O)Nc2ccc(C(=O)/C=C/c3ccncc3)cc2)c1,49751.0
666,CHEMBL1403329,Cn1ccnc1Sc1cc(NCCCO)c([N+](=O)[O-])c2nonc12,18219.0
667,CHEMBL1500335,Cc1ccc(NC(=O)CN(C)C(=O)Cn2ncc(Cl)c(Cl)c2=O)cc1,49756.0
668,CHEMBL1385771,CCc1ccc(C(=O)Cn2ncc(Cl)c(Cl)c2=O)cc1,49745.0
669,CHEMBL1305960,O=C(CN(c1cccc(C(F)(F)F)c1)S(=O)(=O)c1ccc(Cl)c([N+](=O)[O-])c1)NCc1ccc(F)cc1,49766.0
670,CHEMBL1736490,COC(=O)C1=C(C(=O)OC)C2OC1c1cc3ccccc3cc12,10150.0
671,CHEMBL1726534,C=CC(=O)N1C/C(=C/c2ccccc2)C(=O)/C(=C\c2ccccc2)C1,49811.0
672,CHEMBL1521259,O=C(/C=C/c1ccc(Cl)c([N+](=O)[O-])c1)c1ccc(O)cc1,49766.0
673,CHEMBL1348057,O=C(NCc1cccnc1)/C(=C/c1ccc(-c2ccc(Cl)cc2)o1)S(=O)(=O)c1ccccc1,49744.0
674,CHEMBL1535665,CCOC(=O)C1CCN(S(=O)(=O)c2c(Cl)ccc3nonc23)CC1,26784.0
675,CHEMBL1542862,Cc1ccc(C(=O)c2c(C)oc3c2C(=O)C(=O)c2ccccc2-3)cc1,49690.0
676,CHEMBL1447783,O=C(Nc1cccc(N2C(=O)C=CC2=O)c1)c1cccs1,14096.0
677,CHEMBL1374860,CC1=CC(=O)C=C(C)C1=NOS(=O)(=O)c1ccccc1,49751.0
678,CHEMBL1546134,CC1=NNC(=O)/C1=C\c1cn(-c2ccccc2)nc1-c1cccs1,49751.0
679,CHEMBL1727091,C=C1C(=O)C23C(O)C1CCC2C12CCCC(C)(COC(C)=O)C1C(O)C3(O)OC2,22146.0
680,CHEMBL1309228,CS(=O)(=O)c1ccc(C(=O)OCc2nnc(-c3ccccc3)o2)cc1[N+](=O)[O-],49751.0
681,CHEMBL1401040,Cc1ccc(NC(=O)Cn2ncc(Cl)c(Cl)c2=O)cc1S(=O)(=O)N1CCCCC1,49756.0
682,CHEMBL1736766,O=C1NC2C(O)C(O)C(O)C(O)C2c2cc3c(c(O)c21)OCO3,49806.0
683,CHEMBL1578600,Oc1nc2c(s1)C(c1cccnc1)C1C3CCC(C3)C1S2,60000.0
684,CHEMBL1578600,Oc1nc2c(s1)C(c1cccnc1)C1C3CCC(C3)C1S2,223.0
685,CHEMBL2141867,,59640.0
686,CHEMBL2135662,,59640.0
687,CHEMBL2136020,,59640.0
688,CHEMBL2136282,,59640.0
689,CHEMBL2133169,,59640.0
690,CHEMBL575867,,59640.0
691,CHEMBL58,O=C1c2c(O)ccc(O)c2C(=O)c2c(NCCNCCO)ccc(NCCNCCO)c21,630.0
692,CHEMBL58,O=C1c2c(O)ccc(O)c2C(=O)c2c(NCCNCCO)ccc(NCCNCCO)c21,56000.0
693,CHEMBL1425421,Cc1cc(OCc2cc(C(=O)O)oc2C)c2c3c(c(=O)oc2c1)CCCC3,1485.0
694,CHEMBL1591156,Cc1cc(=O)oc2c3c(cc(OCC(=O)N4CCC[C@H]4C(=O)O)c12)OC(C)(C)CC3,15240.0
695,CHEMBL1448093,O=C1Nc2cc(C(=O)N3CCC(N4CCCCC4)CC3)ccc2S/C1=C\c1ccccc1,13867.0
696,CHEMBL1578600,Oc1nc2c(s1)C(c1cccnc1)C1C3CCC(C3)C1S2,54.35
697,CHEMBL1447888,COc1ccc2[nH]c(C(=O)O)c(CCN3C(=O)c4ccc(C(=O)O)cc4C3=O)c2c1,1429.0
698,CHEMBL1574794,Cc1c(C)c2ccc(OCC(=O)N3CCC[C@@H]3C(=O)O)c(C)c2oc1=O,6073.0
699,CHEMBL1346167,O=C(CSc1nnc(NC(=O)c2cccc(F)c2)s1)NCc1ccco1,59640.0
700,CHEMBL1415903,Sc1nnc(-c2ccccc2)n1C1C=CCCC1,29768.0
701,CHEMBL3194647,O=[N+]([O-])c1ccccc1/C=C/C=N/n1c(S)nnc1-c1ccccc1F,59640.0
702,CHEMBL1358969,O=C(CSc1nnc(NC(=O)C2CC2)s1)NCc1ccccc1Cl,16724.0
703,CHEMBL1422515,CC1CCCC(C)N1C(=O)CSc1nnc(NC(=O)c2cccs2)s1,11750.0
704,CHEMBL1596878,CC1=C(C(=O)O)N2C(=O)C(NC(=O)c3nn(C)cc3[N+](=O)[O-])C2SC1,20085.0
705,CHEMBL1378904,O=C(CSc1nnc(NC(=O)c2ccccc2[N+](=O)[O-])s1)NCc1ccco1,6928.0
706,CHEMBL1464897,CCCn1c(S)nnc1C(C)C,10161.0
707,CHEMBL1373572,COc1ccc(-c2cc(C(F)(F)F)nc(N3CCN(C)CC3)n2)cc1,59640.0
708,CHEMBL1445447,Sc1nnc(C2CC2)n1Cc1ccco1,9322.0
709,CHEMBL1299716,Cc1n[nH]c(C)c1CCCCOc1ccc([N+](=O)[O-])cc1,15869.0
710,CHEMBL1555759,CCCc1cc(=O)oc2c3c(cc(OCC(=O)N[C@@H](C)C(=O)O)c12)OC(C)(C)CC3,21303.0
711,CHEMBL1540042,CCCCn1c(S)nnc1-c1ccoc1C,15457.0
712,CHEMBL1438203,Cc1ccc(-c2c(C(=O)O)c(C(=O)O)c3n2CSC3)cc1,9914.0
713,CHEMBL1558250,CCCCn1c(S)nnc1-c1nn(C)c(C)c1Cl,5368.0
714,CHEMBL1554968,Cc1cc(OCC(=O)N2CCC[C@@H]2C(=O)O)c2c(C)c(C)c(=O)oc2c1,14837.0
715,CHEMBL1324305,Cc1c(Cl)c(-c2nnc(S)n2-c2ccc(F)cc2)nn1C,14808.0
716,CHEMBL1379746,O=C(c1ccco1)N1N=C(c2ccc(Cl)cc2)CC1c1ccco1,7307.0
717,CHEMBL1401466,O=C(C1=C(O)C(=O)N(Cc2cccnc2)C1c1ccccn1)c1ccccc1,4998.0
718,CHEMBL1376656,O=C(CSc1nnc(NC(=O)c2ccccc2)s1)NCc1ccco1,59640.0
719,CHEMBL1389969,Sc1nnc(-c2ccco2)n1Cc1ccccc1,6478.0
720,CHEMBL1452412,Sc1nnc(-c2ccccc2)n1Cc1ccccc1,49599.0
721,CHEMBL1419367,C=CCn1c(S)nnc1C1CC1,23148.0
722,CHEMBL1445684,Sc1nnc(-c2ccc3ccccc3n2)n1-c1ccc2c(c1)OCCO2,55490.0
723,CHEMBL1340014,O=c1c2ccccc2cnn1Cc1nnc(S)n1C1CC2CCC1C2,41434.0
724,CHEMBL1390220,CC(C)Cn1c(S)nnc1-c1ccco1,14379.0
725,CHEMBL1455265,O=C(O)c1c(C(=O)O)c(-c2ccc(Br)cc2)n2c1CSC2,4777.0
726,CHEMBL1516970,Sc1nnc(-c2cccs2)n1C1CCCCC1,6691.0
727,CHEMBL3190779,CN(C)S(=O)(=O)c1cccc(NC(=S)N/N=C/C2CC=CCC2)c1,1004.0
728,CHEMBL1498006,CC(C)(C)C(=O)Nc1nnc(CSCc2ccccc2F)s1,4991.0
729,CHEMBL1573007,O=[N+]([O-])c1ccc(-c2ccccc2)c([As](=O)(O)O)c1,748.0
730,CHEMBL1458632,NC(=O)SCC(=O)Nc1ccccc1C(=O)O,12347.0
731,CHEMBL1603777,CCOC(=O)c1[nH]c(C(=O)O)c(CCC(=O)OC)c1C,17946.0
732,CHEMBL3194162,O=C(O)c1cccc(NC(=S)N/N=C/c2ccccc2OCc2cccc(Br)c2)c1,9147.0
733,CHEMBL1435494,Cc1cc(=O)oc2c3c(cc(OCC(=O)N[C@@H](Cc4ccccc4)C(=O)O)c12)OC(C)(C)CC3,23154.0
734,CHEMBL1527705,Oc1nc(SCc2nnc(S)n2-c2ccccc2)nc2sc3c(c12)CCC3,59640.0
735,CHEMBL3196601,O=C(O)COc1ccccc1/C=N/n1c(S)nnc1C1CCCCC1,23137.0
736,CHEMBL1579462,O=C(O)/C=C/c1nnc2c3ccccc3cnn12,13837.0
737,CHEMBL3213100,COc1cc(OC)c(OC)cc1/C=N/NC(=O)CC1C(=O)NN=C1C,4219.0
738,CHEMBL1368761,COc1cc2c(cc1OC)C(C)N(C(=O)c1nccnc1C(=O)O)CC2,14590.0
739,CHEMBL1455686,CCn1c(S)nnc1-c1nn(-c2ccccc2)ccc1=O,29743.0
740,CHEMBL1469441,O=C(O)c1[nH]c2ccc(Br)cc2c1CCN1C(=O)c2cccc([N+](=O)[O-])c2C1=O,1977.0
741,CHEMBL1492629,Cc1ccc(S(=O)(=O)n2[nH]c(=O)cc2NC(=O)c2cccs2)cc1,453.01
742,CHEMBL1410338,Cc1ccc(-c2nnc(S)n2-c2ccccc2)cc1,59640.0
743,CHEMBL1534296,O=C(O)c1ccccc1Sc1ncnc2sc3c(c12)CCC3,10470.0
744,CHEMBL3191768,COc1ccc(OC)c(/C=N/NC(=O)CC2C(=O)NN=C2C)c1,6104.0
745,CHEMBL1391244,CC(C)(C)c1ccc(-c2nnc(S)n2CCCN2CCOCC2)cc1,34102.0
746,CHEMBL1597507,O=C(CCN1C(=O)/C(=C/c2ccccc2F)SC1=S)NCCCn1ccnc1,6454.0
747,CHEMBL1414554,O=P(O)(O)c1ccccc1OCCCCCOc1ccccc1P(=O)(O)O,2396.0
748,CHEMBL1423602,CSC[C@H](NC(=O)COc1cc2c(c3oc(=O)c(C)c(C)c13)CCC(C)(C)O2)C(=O)O,15370.0
749,CHEMBL3197536,CCc1nnc(S)n1/N=C/c1ccc(NC(C)=O)cc1,6321.0
750,CHEMBL1556501,CCOC(=O)N=S(N)(=O)c1ccccc1,12326.0
751,CHEMBL1548211,COc1ccccc1C(=O)Nc1nnc(SCC(=O)NCc2ccco2)s1,6478.0
752,CHEMBL1541211,COc1ccc(C(=O)C2=C(O)C(=O)N(Cc3ccco3)C2c2cc(OC)ccc2OC)cc1,12801.0
753,CHEMBL1315870,CCCCc1cc(=O)oc2c3c(cc(OCC(=O)N4CCC[C@H]4C(=O)O)c12)OC(C)(C)CC3,25913.0
754,CHEMBL3199800,O=[N+]([O-])c1ccccc1/C=N/n1c(S)nnc1C(F)(F)F,9333.0
755,CHEMBL1537904,O=C(O)CC/C(=C\c1cc([N+](=O)[O-])ccc1Cl)c1nc2ccccc2s1,13281.0
756,CHEMBL1576713,Cn1c(S)nnc1-c1sccc1OCc1ccc(Cl)cc1Cl,6627.0
757,CHEMBL1532258,COc1cccc(-n2c(S)nnc2CNC(=O)OC(C)(C)C)c1,15721.0
758,CHEMBL1537972,O=C(CSc1nnc(NC(=O)c2cc(Br)ccc2Cl)s1)NCC1CCCO1,13512.0
759,CHEMBL1587451,O=C(CSc1nnc(NC(=O)c2c(F)cccc2F)s1)NCc1ccccc1,9258.0
760,CHEMBL1400031,Fc1ccccc1-c1nnc(S)n1Cc1ccccc1,15415.0
761,CHEMBL1456096,Sc1nnc(-c2cccs2)n1Cc1ccccc1,4089.0
762,CHEMBL1414683,CC(C)(C)C(=O)Nc1nnc(SCC(=O)NCc2cccs2)s1,2622.0
763,CHEMBL1538097,Cc1ccc(-n2c(S)nnc2-c2nn(C)c(C)c2Cl)cc1,10738.0
764,CHEMBL1517808,Cc1cccc(C(=O)Nc2nnc(SCC(=O)NCc3ccco3)s2)c1,59640.0
765,CHEMBL1556931,Sc1nnc(-c2ccccc2)n1CC1CCCO1,15963.0
766,CHEMBL1509766,Sc1nnc(C2CC2)n1Cc1ccccc1,3350.0
767,CHEMBL1431288,Cc1cccc(C2c3[nH]c4ccccc4c3CCN2C(=O)c2cc(CC(C)C)nc(O)n2)n1,7928.0
768,CHEMBL3196939,CCc1nnc(S)n1/N=C/C(C)=C\c1ccccc1,1229.0
769,CHEMBL1463059,Cc1cccc(-n2c(C)nnc2S)c1C,59640.0
770,CHEMBL1381292,Sc1nnc(Cn2c(-c3ccccn3)nc3ccccc32)n1-c1ccc2c(c1)OCCO2,14906.0
771,CHEMBL1314447,Cc1c(C)c2c(OCC(=O)N3CCC[C@H]3C(=O)O)cc3c(c2oc1=O)CCC(C)(C)O3,1730.0
772,CHEMBL335619,O=C(O)Cn1cccc1C(=O)c1ccccc1,12922.0
773,CHEMBL1371432,COCC(C)NC(=O)c1cc2cccc([N+](=O)[O-])c2[nH]1,14073.0
774,CHEMBL1549144,CC(C)(C)CC(=O)Nc1nnc(SCC(=O)NCc2cccs2)s1,17952.0
775,CHEMBL1431535,O=C1Nc2cc(C(=O)NCCCN3CCOCC3)ccc2S/C1=C/c1ccccc1F,35704.0
776,CHEMBL1605748,O=C(O)c1ccccc1C(=O)c1cccc2ccccc12,13100.0
777,CHEMBL1522756,COc1ccccc1-n1c(S)nnc1-c1ccco1,20003.0
778,CHEMBL1577281,O=P(O)(O)c1ccccc1OCc1ccccc1,2440.0
779,CHEMBL1606520,Cc1ccccc1C(=O)Nc1nnc(SCC(=O)NCc2ccco2)s1,3006.0
780,CHEMBL1483727,CSc1nc(SCC(=O)O)c2c3c(sc2n1)COC(C)(C)C3,29719.0
781,CHEMBL1402778,O=C(CSc1nnc(NC(=O)C2CCCCC2)s1)NCc1ccco1,6640.0
782,CHEMBL1493353,CC(C)(C)c1ccc(COc2ccsc2C(=O)O)cc1,17009.0
783,CHEMBL1573854,O=C(C1=C(O)C(=O)N(Cc2cccnc2)C1c1ccccn1)c1ccc(F)cc1,2419.0
784,CHEMBL1328086,O=C(O)C1Sc2nc(O)sc2C2c3cc(Cl)ccc3OC(=O)C12,59640.0
785,CHEMBL1424340,CCN(CC)C(=O)CSc1nc2ccc(NC(=O)CSc3nccn3C)cc2s1,10956.0
786,CHEMBL1610243,Cc1cc(C(=O)OCC(=O)NC(=O)c2cccn2C)c2ccccc2n1,59640.0
787,CHEMBL1559733,O=C(C1=C(O)C(=O)N(Cc2cccnc2)C1c1ccccn1)c1cccs1,13228.0
788,CHEMBL1345175,CC1CCCCC1n1c(S)nnc1-c1cccnc1,13814.0
789,CHEMBL1557347,CCCCn1c(S)nnc1-c1nn(C)cc1Cl,4201.0
790,CHEMBL1606872,CCCCn1c(S)nnc1-c1sccc1C,4731.0
791,CHEMBL1538815,C=C(c1cccc2ccccc12)P(=O)(O)O,6811.0
792,CHEMBL3191623,CC(=C/c1ccccc1)/C=N/n1c(S)nnc1-c1ccncc1,59640.0
793,CHEMBL1348676,Cc1nn(CCc2nnc(S)n2-c2cccc(Cl)c2)c(C)c1[N+](=O)[O-],16860.0
794,CHEMBL1584189,Sc1nnc(-c2ccco2)n1-c1cccc2ccccc12,22509.0
795,CHEMBL1594123,CCCc1cc(=O)oc2c3c(cc(OCC(=O)N4CCC[C@H]4C(=O)O)c12)OC(C)(C)CC3,6621.0
796,CHEMBL3194164,Oc1c(Br)cc(/C=N/n2c(S)nnc2-c2ccccc2)cc1Br,19325.0
797,CHEMBL3194460,O=C(O)c1cccc(NC(=S)N/N=C/c2ccccc2OCc2ccc(Br)cc2)c1,10019.0
798,CHEMBL1326008,Cc1c(C)c2c(OCC(=O)N[C@@H](C)C(=O)O)cc3c(c2oc1=O)CCC(C)(C)O3,4440.0
799,CHEMBL1415221,Cn1c(S)nnc1-c1sccc1OCc1ccccc1,5455.0
800,CHEMBL1411914,O=Cc1c(O)nc2ccccc2c1NCc1ccc(Cl)cc1,29047.0
801,CHEMBL1577867,O=C(O)C(NC(=O)c1ccccc1)=C(Cl)Cl,19472.0
802,CHEMBL1397449,CCc1cc(=O)oc2c(C)c(OCC(=O)N3CCC[C@@H]3C(=O)O)ccc12,20909.0
803,CHEMBL1550381,CC(=O)c1ccc(-c2ccc(Cn3c(C)nc4cc(N)c(C)nc43)cc2)cc1,59640.0
804,CHEMBL1442450,Cn1ccnc1SCC(=O)Nc1ccc2nc(SCC(=O)NC3CC3)sc2c1,29918.0
805,CHEMBL1571964,Cc1c(OCC(=O)N2CCC[C@@H]2C(=O)O)ccc2c3c(c(=O)oc12)CCC3,12031.0
806,CHEMBL1388851,C=C(C)Cn1c(S)nnc1-c1cccs1,5065.0
807,CHEMBL1371319,COc1ccc(OC)c(C2C(C(=O)c3ccco3)=C(O)C(=O)N2Cc2cccnc2)c1,1936.0
808,CHEMBL1481755,COCC(=O)Nc1nnc(SCC(=O)NCc2cccs2)s1,9668.0
809,CHEMBL3193161,CC(=C/c1ccccc1)/C=N/n1c(C)nnc1S,9975.0
810,CHEMBL1328892,O=C(O)c1[nH]c2ccc(Cl)cc2c1CCN1C(=O)c2ccccc2C1=O,1293.0
811,CHEMBL1345758,COc1ccccc1-c1nnc(S)n1Cc1ccco1,20448.0
812,CHEMBL1464372,COc1ccc(-c2nnc(S)n2-c2ccc3c(c2)OCCO3)cc1OC,18033.0
813,CHEMBL1565378,CCCC(=O)Nc1nnc(SCC(=O)NCc2cccs2)s1,16334.0
814,CHEMBL1551022,Cc1cc(C)n(-c2nc(SCC(=O)O)c3c4c(sc3n2)COC(C)(C)C4)n1,24828.0
815,CHEMBL1511843,O=C(CSc1nnc(NC(=O)c2ccccc2F)s1)NCc1ccc(F)cc1,18143.0
