molecule_chembl_id,canonical_smiles,pIC50
CHEMBL1555532,N#Cc1c([N+](=O)[O-])cc([N+](=O)[O-])cc1S(=O)(=O)Cc1ccccc1,4.9188327852865275
CHEMBL61559,COc1ccc(C(=O)/C=C/c2ccc(N(C)C)cc2)c(OC)c1,5.326794718220955
CHEMBL1494120,COc1ccc(NC(=O)/C(Cl)=C(/Cl)[S+]([O-])Cc2ccc(Cl)cc2)cn1,5.106349183014037
CHEMBL1698008,Cc1ccc(S(=O)(=O)c2ccc([N+](=O)[O-])o2)cc1,4.95116991347165
CHEMBL1964993,O=[N+]([O-])c1ccc(N/N=C/C=C/c2ccco2)cc1,5.378200775997332
CHEMBL1487183,CCCCC(CC)CN=C(N)N=C(N)NCCCCCCNC(N)=NC(N)=NCC(CC)CCCC.Cl,5.283078926833239
CHEMBL1497139,N#CC(C#N)=C1C=CC=CN1/C(=C\c1ccco1)C(=O)c1ccc(Br)cc1,4.877882463686737
CHEMBL131037,COc1ccc(OC)c2c1C(=O)C(Cl)=C(Cl)C2=O,5.170117553556507
CHEMBL1319026,COc1ccc(C(=O)c2sc3nc(C)cc(-c4cccs4)c3c2N)cc1OC,5.053253064966415
CHEMBL1698608,CC(=NNC(=S)N1CCN(c2ccccn2)CC1)c1nccs1,4.302927659525021
CHEMBL1504077,O=C(Nc1ccc(F)cc1)c1nc(S(=O)(=O)Cc2ccccc2)ncc1Cl,5.265040238727555
CHEMBL1415985,O=C(CN1C(=O)NC2(CCCCC2)C1=O)Oc1ccc2c(C(F)(F)F)cc(=O)oc2c1,5.458545571252411
CHEMBL1575428,Cc1ccc(Cl)c(NC(=O)COC(=O)c2ccccc2C(=O)c2ccc(Cl)c([N+](=O)[O-])c2)c1Cl,8.092724598073152
CHEMBL1458022,Cc1ccc(-n2c(Cl)c(Cl)nc(Cl)c2=O)cc1,5.287434472126692
CHEMBL1416020,Cc1ccc(C(=O)N/C(=C/c2ccc(-c3ccc([N+](=O)[O-])cc3)o2)C(=O)NCCCN(C)C)cc1,5.184023999028015
CHEMBL1611182,O=[N+]([O-])c1c(Nc2cccc(O)c2)cc(Cl)c2nonc12,4.951131104260069
CHEMBL1474143,Oc1ccc2nnc3c(Br)cnn3c2c1,5.178617500252701
CHEMBL1527042,O=C1NC(=O)C2C1C(c1ccc([N+](=O)[O-])cc1)=NN2Cc1ccccc1,4.985941722575664
CHEMBL1971127,C#CCOCCOCCOCCNc1nc(N2CCN(C(=O)CCCCCCCCCCNC(=O)[C@H](CCCCN)n3cc(C[C@@H](C)CC)nn3)CC2)nc(N2CCN(C(=O)CCCCCCCCCCNC(=O)[C@H](CCCCN)n3cc(C[C@@H](C)CC)nn3)CC2)n1,5.148619332034404
CHEMBL1575594,C=C1C(=O)O[C@@H]2C[C@@H](C)[C@@H]3C4OC4C(=O)[C@@]3(C)[C@@H](O)[C@H]12,8.366198078719734
CHEMBL1971913,O=C(O)C(F)(F)F.c1cc(SC2CCCCC2)cc(-c2nc3cnccn3c2NC2CCCCC2)c1,5.31578320486112
CHEMBL1865393,COc1ccccc1N(C(C)=O)C1=C(Cl)C(=O)c2ccccc2C1=O,5.269621531412357
CHEMBL1416184,O=[N+]([O-])c1c(NCCO)cc(Sc2nc3ccccc3s2)c2nonc12,5.037772768649915
CHEMBL167542,Nc1ccc2c(c1)Cc1cc([N+](=O)[O-])ccc1-2,5.1960651501361586
CHEMBL1699845,O=C1C(Cl)=C(Oc2ccccc2)C(=O)c2ccccc21,8.301632906477197
CHEMBL1477528,Cc1ccccc1CS(=O)(=O)c1ncc(Cl)c(C(=O)Nc2ccc(F)cc2)n1,5.20439802010582
CHEMBL1409883,CCCNC(=O)c1nnsc1[S+]([O-])c1ccc(Cl)cc1,4.806847563147922
CHEMBL1487952,CCOC(=O)c1ccc(NC(=O)c2nc(S(=O)(=O)Cc3ccccc3)ncc2Cl)cc1,5.075617322798027
CHEMBL1319461,CCCN1C(=O)/C(=C/c2ccc(N3CCCC3)c(C)c2)NC1=S,5.176851940189306
CHEMBL1458470,NNC(=O)c1oc2nc(-c3ccc(Cl)cc3)cc(-c3ccccc3)c2c1N,5.421934116163908
CHEMBL505670,O=[N+]([O-])c1ccc(Sc2cccc[n+]2[O-])c2nonc12,5.1177031990623485
CHEMBL1458548,CCCNC(=O)c1nnsc1S(=O)(=O)c1ccc(Cl)cc1,4.788158903624658
CHEMBL1543839,O=C(OCn1ncc(Cl)c(Cl)c1=O)c1ccccc1Cl,4.303049811665387
CHEMBL1331822,O=C(c1ccccc1)c1cc(Cl)ccc1N1C(=O)C=CC1=O,4.83209218999852
CHEMBL1544093,CCOC(=O)c1nc(S(C)(=O)=O)ncc1Cl,4.650644753404797
CHEMBL1419822,Cn1c(=O)[nH]c(=O)c2c1nc([N+](=O)[O-])n2Cc1ccccc1,4.302796820346523
CHEMBL1720248,CCN(CC)c1ccc(C=NNc2ccc([N+](=O)[O-])cn2)cc1,5.34640161815671
CHEMBL1386978,COc1ccc(C(=O)c2sc3nc(-c4ccccc4)ccc3c2N)cc1OC,5.236572006437063
CHEMBL1307050,CCc1ccc(NC(=O)c2nc(S(=O)(=O)Cc3ccccc3)ncc2Cl)cc1,4.917142851403591
CHEMBL1319618,O=c1c(Cl)c(Cl)cnn1Cc1nnc(-c2ccccc2Br)o1,8.092724598073152
CHEMBL1573150,O=C(C1=NN(c2ccccc2)C2C(=O)N(c3ccc(Cl)cc3)C(=O)C12)c1ccccc1,4.927015255372069
CHEMBL1543956,CCN(CC)c1ccc(/C=C/C(=O)C2C(=O)C=C(C)OC2=O)cc1,5.311847244408433
CHEMBL1387110,Nc1c(C(=O)Nc2nc3ccccc3s2)sc2nc(-c3cccs3)ccc12,5.405165644416682
CHEMBL1337235,CS(=O)(=O)c1ncc(Cl)c(C(=O)Nc2ccc(N3CCOCC3)cc2)n1,4.989912153001476
CHEMBL1701517,O=S(=O)(/C=C/C=C/S(=O)(=O)c1ccccc1)c1ccccc1,8.092724598073152
CHEMBL1498308,CCN(CC)c1ccc(-c2nc3cnccn3c2NC2CCCC2)cc1,5.276626432981016
CHEMBL1890919,COc1ccc(OC)c(C=Cc2ccc([N+](=O)[O-])cc2)c1,5.086610056368245
CHEMBL1527994,CCN(CC)c1ccc(/C=C/C(=O)c2ccc(Br)cc2)cc1,8.266193408116102
CHEMBL1319867,O=[N+]([O-])c1c(Nc2ccccc2O)cc(Cl)c2nonc12,4.734851861184533
CHEMBL1436864,O=C(NCc1cccc(F)c1)c1cccc2c1C(=O)c1ccc(N3CCC(Cc4ccccc4)CC3)cc1S2(=O)=O,5.493359694433497
CHEMBL1526126,O=[N+]([O-])c1ccc(C2=NN(c3ccccc3)C(c3ccco3)C2)cc1,5.5785606097799505
CHEMBL1315948,CCc1ccc(Nc2n[n+](-c3ccccc3)c(-c3c(Cl)cccc3Cl)s2)cc1.[Cl-],5.5052889747947376
CHEMBL1984584,O=[N+]([O-])c1ccc(N/N=C/c2c[nH]c3ccccc23)cc1,4.99012436628784
CHEMBL1534390,O=[N+]([O-])c1ccc(N2N=C(c3ccccc3)CC2c2ccccc2O)cc1,5.338850142755214
CHEMBL1404578,COc1ccc(OC)c(NC(=O)c2nc(S(=O)(=O)Cc3ccccc3)ncc2Cl)c1,5.172953982995266
CHEMBL1359902,COc1ccc(C(=O)/C=C/C(=O)N(CC(=O)NC2CCCCC2)CC2CCCO2)c(O)c1,4.632867807569245
CHEMBL1420325,CS(=O)(=O)c1sc(C#N)c2c1C(=O)CC(c1ccccc1)C2,5.15002808767115
CHEMBL3197908,COc1ccc2nc(C)cc(N/N=C/c3ccc(F)cc3)c2c1,5.671824338561677
CHEMBL1340895,COc1cc2c3nnc(-c4ccc(F)cc4)c-3cn(Cc3cccc(C)c3)c2cc1OC,5.406271001292089
CHEMBL1517505,Nc1ccc2nc(-c3ccccc3)c(-c3ccccc3)nc2c1,8.28274943129104
CHEMBL1459316,CC1C/C(=C/c2cccn2C)C(=O)/C(=C/c2cccn2C)C1,5.358030402297941
CHEMBL1703189,O=c1c2cc([N+](=O)[O-])ccc2sn1-c1ccccc1,4.303643611266668
CHEMBL1399957,CCC(C)Sc1ccc(-c2nc3cnccn3c2NC2CCCCC2)cc1.O=C(O)C(F)(F)F,5.43356250780493
CHEMBL1473205,CC1=NCCc2c1[nH]c1cc(O)ccc21.Cl.O,5.099196065189631
CHEMBL1360031,Brc1cc(Br)c2nc(-c3ccc(N4CCOCC4)cc3)ccc2c1,5.625985259708088
CHEMBL116438,COc1cc(/C=C/C(=O)/C=C(O)/C=C/c2ccc(O)c(OC)c2)ccc1O,4.967824623038637
CHEMBL1427185,O=C1C=CC(=O)N1CCNc1ncc(C(F)(F)F)cc1Cl,5.100288905428855
CHEMBL1573592,CC(=O)Oc1ccc(N2C(=O)c3cccc4c([N+](=O)[O-])ccc(c34)C2=O)cc1,5.391794992295674
CHEMBL1332454,CN(c1ccccc1)S(=O)(=O)c1ccc(NC(=O)c2nc(S(C)(=O)=O)ncc2Cl)cc1,5.240861183718834
CHEMBL1988416,O=Cc1s/c(=N\S(=O)(=O)c2ccccc2)n(CCCCl)c1Cl,4.709119894732838
CHEMBL1417212,COc1ccccc1N1N=C(c2cccs2)CC1c1ccccc1,5.441771578196675
CHEMBL1991303,C/C(=N\Nc1ccc([N+](=O)[O-])cc1)c1cc2ccccc2o1,5.52360317327467
CHEMBL1301371,Cc1cccc(NC(=O)c2nc(S(=O)(=O)Cc3ccccc3)ncc2Cl)c1,5.258848401148215
CHEMBL1704261,CCCC(=O)NC1=C(Cl)C(=O)c2ccccc2C1=O,5.16889843549864
CHEMBL1993431,COc1cc(/C=C/c2ccc3c(Br)cc(Br)c(O)c3n2)ccc1O,5.114638779968488
CHEMBL1308255,O=C(/C=C/c1cn(CC(O)CN2CCCCCC2)c2ccccc12)c1cccs1,5.0785216196243095
CHEMBL1476225,Fc1ccc(-[n+]2nc(Nc3ccccc3)sc2-c2c3ccccc3cc3ccccc23)cc1.[Cl-],5.2444300193712
CHEMBL1723955,O=C1C(Cl)=C(NCCc2ccccc2)C(=O)c2ccccc21,4.75119329587128
CHEMBL1704703,O=C1C=CC2(C=C1)O[C@H](Cc1ccccc1)[C@@H](Cc1ccccc1)O2,4.662480840153025
CHEMBL3195010,COc1ccc(/C=N/Nc2ccc([N+](=O)[O-])cc2)cc1O,4.968874424268434
CHEMBL1583998,O=C1N=C(NS(=O)(=O)Cc2ccccc2)S/C1=C/c1cc([N+](=O)[O-])ccc1O,5.359617955290432
CHEMBL1534986,Cc1ccc(C(=O)O)cc1N1C(=O)c2cccc3c([N+](=O)[O-])ccc(c23)C1=O,5.130181792020672
CHEMBL432044,O=C1Cc2ccccc2C(=O)N1c1ccccc1,5.401428336517859
CHEMBL1538643,CCCCN(C)CC(O)Cn1cc(/C=C/C(=O)c2cccs2)c2ccccc21,5.115317895793975
CHEMBL1460029,O=c1oc2ccccc2c(Cl)c1CN1CCCCC1,5.220115036807356
CHEMBL1308404,O=[N+]([O-])c1c(Nc2ccc(O)cc2)cc(Cl)c2nonc12,5.195519810894007
CHEMBL1518077,CC(=O)Nc1ccc(NC(=O)c2nc(S(=O)(=O)Cc3cccc(C)c3)ncc2Cl)cc1,5.025672564576383
CHEMBL1526855,CC(=O)N(C1=C(Cl)C(=O)c2ccccc2C1=O)C1CCCCC1,5.275642195773574
CHEMBL1301731,Nc1ccc2c(C(F)(F)F)cc(=O)oc2c1,5.32166375326782
CHEMBL1301723,N#CC(C#N)=C1C=CC=CN1/C(=C\c1ccco1)C(=O)c1ccccc1,4.799477808197887
CHEMBL1557820,Clc1ccc(-n2nnnc2Sc2ncnc3sccc23)cc1,8.366198959901956
CHEMBL1607132,CCC(=O)c1ccc(/C=C/c2nc3ccccc3n2C)o1,5.2914091548496565
CHEMBL1705527,COc1cc2oc3cc(C#Cc4ccc(N)cc4)ccc3c(=O)c2cc1OC,5.443938840990468
CHEMBL1554784,O=C(NCc1cccc(C(F)(F)F)c1)c1cccc2c1C(=O)c1ccc(N3CCC(Cc4ccccc4)CC3)cc1S2(=O)=O,5.5347659050119855
CHEMBL1316002,Cn1c2ccccc2c(=O)c2ccc(C#Cc3ccc(N)cc3)cc21,5.278601624478495
CHEMBL1523192,COc1ccc(OC)c(/C=C/c2nc3ccccc3nc2O)c1,5.070734381746934
CHEMBL1407961,CCC1CCCCN1S(=O)(=O)c1ccc(NC(=O)c2nc(S(C)(=O)=O)ncc2Cl)cc1,4.956127087608575
CHEMBL1999014,O=[N+]([O-])c1ccc(-c2ccc(/C=N/Nc3nc(NCc4ccccc4)nc(N4CCOCC4)n3)o2)cc1,5.32836440339787
CHEMBL1428095,CC(=O)Nc1ccc(NC(=O)c2nc(S(=O)(=O)Cc3ccccc3)ncc2Cl)cc1,5.1185582780586065
CHEMBL1338304,CCS(=O)(=O)c1ncc(Cl)c(C(=O)Nc2ccc(S(=O)(=O)N3CCC(C)CC3)cc2)n1,5.064845552783831
CHEMBL1460491,N#Cc1sc2nc(-c3ccccc3)cc(-c3ccco3)c2c1N,5.136796140971371
CHEMBL1342053,CCn1c(=O)c([N+](=O)[O-])c(Cl)c2ccccc21,4.54323933305743
CHEMBL1499951,Cn1c(=O)c([N+](=O)[O-])c(Cl)c2ccccc21,4.749531203299514
CHEMBL1535546,CN1/C(=C/C(=O)c2nc(S(C)(=O)=O)ncc2Cl)C(C)(C)c2ccccc21,5.209714835966758
CHEMBL1479144,N#Cc1sc2nc(-c3cccs3)cc(-c3ccc(Cl)cc3)c2c1N,5.324588306285136
CHEMBL1417970,CCOC(=O)CS(=O)(=O)c1nc(-c2ccc(F)cc2)cc(C(F)(F)F)n1,4.840944396486512
CHEMBL1725771,CC(C)CCN1C(=O)c2cccc3c(N)ccc(c23)C1=O,5.321390583441074
CHEMBL1706548,CC(=O)Nc1ccc2c(=O)n(-c3ccccc3)sc2c1,4.841727995347916
CHEMBL1726287,O=C(NCc1ccco1)c1cccc2c1C(=O)c1ccc(N3CCC(Cc4ccccc4)CC3)cc1S2(=O)=O,5.356547323513812
CHEMBL2005437,Cc1cccc(C)c1-n1c(C)cc(/C=N\Nc2ccc([N+](=O)[O-])cn2)c1C,5.393188853081036
CHEMBL601543,CCN1/C(=C/C=C/c2oc3ccc(-c4ccccc4)cc3[n+]2CC)Oc2ccc(-c3ccccc3)cc21.CCOS(=O)(=O)[O-],4.970372760952587
CHEMBL1428415,CCN(c1ccccc1)S(=O)(=O)c1ccc(NC(=O)c2nc(S(C)(=O)=O)ncc2Cl)cc1,5.099141495298008
CHEMBL1707429,Cc1ccc(S(=O)(=O)C=CS(=O)(=O)c2ccc(C)cc2)cc1,4.865950457259487
CHEMBL1484327,COc1ccc(-c2cc3ccc(O)cc3oc2=O)cc1OC,5.281581358170344
CHEMBL1520346,CCN(CC)c1ccc2cc(-c3nc4ccccc4n3C)c(=O)oc2c1,5.59176003468815
CHEMBL1535665,CCOC(=O)C1CCN(S(=O)(=O)c2c(Cl)ccc3nonc23)CC1,4.6733979080363515
CHEMBL1418162,CC(=O)Oc1cccc(N2C(=O)c3cccc4c([N+](=O)[O-])ccc(c34)C2=O)c1,5.347077112432058
CHEMBL1539522,Cc1ccc(NC(=O)c2nc(S(=O)(=O)Cc3ccccc3C)ncc2Cl)cc1C,4.939339926025985
CHEMBL1418079,OCCNc1c2ccccc2nc2c(F)c(F)c(F)c(F)c12,5.6439741428068775
CHEMBL1513846,COC(=O)c1c(-c2ccc(N(C)C)cc2)sc2ccc(OC)cc12,5.436400271118469
CHEMBL1405830,Nc1c(C(=O)N2CCCC2)sc2nc(-c3ccccc3)ccc12,4.9051447099163195
CHEMBL1727091,C=C1C(=O)C23C(O)C1CCC2C12CCCC(C)(COC(C)=O)C1C(O)C3(O)OC2,4.488517711373999
CHEMBL1578341,CCOC(=O)COc1ccc2ccccc2c1/C=C/[N+](=O)[O-],4.516170307431059
CHEMBL1500409,Cn1c(-c2c(N)n(-c3ccccc3)c3nc4ccccc4nc23)nc2ccccc21,5.414539270491499
CHEMBL1440300,O=C(Nc1ccccc1Cl)/C(Cl)=C(\Cl)[S+]([O-])c1ccccc1,5.2575891194195075
CHEMBL1610025,CCC(=O)OCCNc1cc(Sc2nc3ccccc3s2)c2nonc2c1[N+](=O)[O-],4.979970366457301
CHEMBL1406130,O=c1c2cc(F)ccc2sn1-c1ccccc1,4.637385598180598
CHEMBL1574879,COc1ccc(NC(=O)/C(Cl)=C(/Cl)[S+]([O-])Cc2ccccc2)cn1,4.795880017344075
CHEMBL1440303,CNC(=O)c1nnsc1[S+]([O-])c1ccc(Cl)cc1,4.707655306159408
CHEMBL1418428,Cc1cccc(N2C(=O)/C(=C\c3ccc(OC(F)F)cc3)c3ccccc3C2=O)c1,5.408824049688208
CHEMBL1727997,CS(=O)(=O)c1ccc(C(=O)OCC(=O)NCc2cccs2)cc1[N+](=O)[O-],8.092724598073152
CHEMBL1608420,COc1ccccc1N1C(=O)C2C(C(=O)c3ccccc3)=NN(c3ccccc3)C2C1=O,5.0282140621208855
CHEMBL1728153,O=C1C=CC(=O)N1CCCCCCCCCCN1C(=O)C=CC1=O,4.787839040246617
CHEMBL1608392,CN(c1ccccc1)c1ccc(/C=C/[N+](=O)[O-])cc1,4.729670602910142
CHEMBL1585390,CNc1cc(Cl)c2nonc2c1[N+](=O)[O-],5.325138859262188
CHEMBL1790039,CCN(CC)c1ccc(C(=C2C=CC(=[N+](CC)CC)C=C2)c2ccccc2)cc1.O=S(=O)([O-])O,5.323123568026863
CHEMBL1480031,CS(=O)(=O)c1ncc(Cl)c(C(=O)Nc2ccc3ccccc3c2)n1,5.147032308971181
CHEMBL1491686,CCCCNC(=O)COC(=O)c1c2c(nc3ccccc13)/C(=C/c1cccs1)CC2,5.478861916295964
CHEMBL140,COc1cc(/C=C/C(=O)CC(=O)/C=C/c2ccc(O)c(OC)c2)ccc1O,5.110642263111068
CHEMBL1418643,COc1cccc(NC(=O)c2nc(S(C)(=O)=O)ncc2Cl)c1,5.0508052257620175
CHEMBL1300370,O=C1Nc2ccc(Br)cc2C12NNc1ccccc1O2,4.9281916081668715
CHEMBL429095,O=C1C(SCCO)=C(SCCO)C(=O)c2ccccc21,4.915459467938516
CHEMBL179512,COc1cc(/C=C/C(O)=C/C(=O)/C=C/c2ccc(O)cc2)ccc1O,5.091783146910608
CHEMBL518575,Cn1cccc1/C=C1\CCC/C(=C\c2cccn2C)C1=O,4.964050220463326
CHEMBL1361740,CCn1nc(C)cc1-c1nnc(Sc2ncc([N+](=O)[O-])s2)n1C,4.336779796502907
CHEMBL1578982,Cc1ccc(S(=O)(=O)N[C@H](C(=O)Oc2ccc3c(C(F)(F)F)cc(=O)oc3c2)c2ccccc2)cc1,5.428058364925538
CHEMBL1361913,O=C(c1ccccc1)c1ccccc1N1C(=O)C=CC1=O,4.814089714959286
CHEMBL1361821,CCOC(=O)COc1ccccc1/C=C\[N+](=O)[O-],8.077471445591199
CHEMBL1558462,CS(=O)(=O)c1ncc(Cl)c(C(=O)Nc2ccc(OC(F)F)cc2)n1,5.177505014721249
CHEMBL1343392,Cc1ccc(C(=O)OCn2ncc(Cl)c(Cl)c2=O)cc1,8.365301640910578
CHEMBL1566610,C=C1C(=O)O[C@@H]2C[C@@H](C)[C@@H]3C=CC(=O)[C@@]3(C)[C@@H](OC(=O)CC(=O)O[C@H]3[C@@H]4C(=C)C(=O)O[C@@H]4C[C@@H](C)[C@@H]4C=CC(=O)[C@@]34C)[C@H]12,4.7482401454711995
CHEMBL1303426,Cc1c(Nc2cc(Cl)c3nonc3c2[N+](=O)[O-])c(=O)n(-c2ccccc2)n1C,5.221704008911166
CHEMBL1508208,CS(=O)(=O)c1sc2nc(-c3ccccc3)cc(-c3ccccc3)c2c1N,4.790484985457369
CHEMBL1586067,O=C1c2cccc3c(N4CCCCC4)ccc(c23)C(=O)N1c1cccc(O)c1,5.280751601552054
CHEMBL1579061,CN(C)C=O.CN(C)c1ccc(/C=C/c2nc3ccccc3c(=O)n2-c2ccc(C(=O)O)cc2)cc1,5.04566099139754
CHEMBL1350432,S=c1sc2c(Cl)ncnc2n1-c1ccccc1,4.303538764089101
CHEMBL1531308,O=C(C#Cc1ccccc1)c1ccco1,4.3031021731020305
CHEMBL1343705,O=S(=O)(Nc1cccc2ncccc12)c1cccs1,8.091905240857747
CHEMBL1570323,CC[C@H](C)/C=C(C)/C=C/C1=CC2=CC(=O)[C@]3(C)OC(=O)[C@@H](C(C)=O)[C@@H]3C2=CO1,5.05266432405126
CHEMBL1429929,CCOC(=O)CCS(=O)(=O)c1nc(-c2ccccc2)cc(C(F)(F)F)n1,4.549396824238743
CHEMBL1469035,Cc1ccccc1NC(=O)/C=C/c1ccc([N+](=O)[O-])s1,4.863342838126121
CHEMBL1372650,N#Cc1ccc(-c2ccco2)nc1SCC(=O)c1ccc(Cl)cc1,4.994176246970972
CHEMBL1540557,CCC1(C)OC(c2ccccc2)=C/C(=C/C=C2C(=O)NC(=O)NC2=O)O1,5.0378201470912325
CHEMBL1710816,COc1cc(N2C(=O)C=CC2=O)ccc1N1C(=O)C=CC1=O,4.9594372149186885
CHEMBL1303810,O=C(OCn1ncc(Br)c(Br)c1=O)c1ccccc1Cl,8.091946978359333
CHEMBL1390797,COc1ccc(C(=O)c2sc3nc(C)cc(-c4cccs4)c3c2N)cc1,5.4139756176130245
CHEMBL1406758,N#C/C(=C/c1ccc(-c2ccc(S(N)(=O)=O)cc2)o1)c1nc2ccccc2s1,5.29362364416031
CHEMBL1980369,COc1ccc(-c2nc3cnccn3c2NC2CCCCC2)cc1-c1cccc(Cl)c1.O=C(O)C(F)(F)F,5.168770306132936
CHEMBL1508593,COc1ccc(-c2c(Sc3cccc(C(F)(F)F)c3)c3ccc(OC)cc3[s+]2[O-])cc1,5.435689090039397
CHEMBL1462078,Nc1c(C(=O)c2cccs2)sc2nsc(SCCN3CCCCC3)c12,5.004628093971838
CHEMBL3189224,CCCCCCSc1cc(-c2nc3cnccn3c2NCCCC)ccc1OC.O=C(O)C(F)(F)F,5.12930354201075
CHEMBL1351081,Cc1ccc(NC(=O)c2cc(N3C(=O)C=CC3=O)ccc2N2CCOCC2)cc1Cl,8.29902817157103
CHEMBL1711797,C=C1C(=O)c2sccc2C(c2ccc(OC)c(OC)c2)C1COC(C)=O,4.669809519525435
CHEMBL1711514,O=[N+]([O-])c1ccc([S+]([O-])Cc2ccccc2)c([N+](=O)[O-])c1,4.635280197270082
CHEMBL1609419,CC(=O)OCCNc1cc(Sc2nc3ccccc3[nH]2)c2nonc2c1[N+](=O)[O-],4.998872299722965
CHEMBL1508875,Nc1c(C(=O)Nc2ccccc2F)sc2nc(-c3cccnc3)ccc12,4.852973284777769
CHEMBL1731330,CC(O)CN(CC(C)O)c1ccc2c(c1)Cc1cc([N+](=O)[O-])ccc1-2,5.293196902962662
CHEMBL1712082,CC1=C(O)C(=O)C=C2C1=CC=C1C2(C)CCC2(C)C3CC(C)(C(=O)O)CCC3(C)CCC12C,4.668917036038971
CHEMBL1423626,C=CCn1c(O)nnc1Sc1ncc([N+](=O)[O-])s1,4.302840429026424
CHEMBL1899958,COc1ccccc1NS(=O)(=O)c1cc([N+](=O)[O-])ccc1N/N=C/c1c[nH]c2ccccc12,5.5616158929652855
CHEMBL1462613,COc1ccc(C(=O)c2sc3nc(-c4ccc(OC)cc4)ccc3c2N)cc1,8.271433828493532
CHEMBL1984244,CCCCNc1c(-c2ccc(SC3CCCCC3)cc2)nc2cnccn12.O=C(O)C(F)(F)F,5.43074316667139
CHEMBL1446199,CC(C)CNC(=O)COC(=O)c1c2c(nc3ccccc13)/C(=C/c1cccs1)CC2,5.453704164878557
CHEMBL1524932,COCCCn1c(N)c(-c2nc3ccccc3n2C)c2nc3ccccc3nc21,5.132591443477208
CHEMBL1570958,CCC(=O)OCCNc1cc(Sc2nccn2C)c2nonc2c1[N+](=O)[O-],5.080660363212587
CHEMBL1492819,CCn1nc(-c2ccccc2)c2nc3ccccc3nc21,5.27107835362714
CHEMBL3199893,CNC(=S)N/N=C/c1ccc(OCc2ccccc2)c(Br)c1,5.1083510561294405
CHEMBL137913,CN(C)c1ccc(/C=C/C(=O)c2ccc(O)cc2)cc1,5.321481620959886
CHEMBL1712229,Nc1ccc2nc(-c3ccccc3)cnc2c1,5.140981856111106
CHEMBL1453652,O=C(O)c1ccccc1-c1ccc(/C=C/c2cc(C(F)(F)F)nc(O)n2)o1,5.154591860378207
CHEMBL1732235,O=c1c(Br)ccc(Br)cc1Br,5.212043876716068
CHEMBL1502104,C=CCN1C(=O)/C(=C2/C(=O)Nc3ccccc32)c2ccccc21,4.303128356187934
CHEMBL1452132,CN(C)c1ccc(/C=C/C(=O)c2cccc(Br)c2)cc1,5.25212229418021
CHEMBL1571123,Cc1ccc(NC(=O)c2nc(S(=O)(=O)Cc3ccccc3)ncc2Cl)cc1,5.080869586139386
CHEMBL1362660,COc1cc(OC)nc(-n2ncc(Br)c(Br)c2=O)n1,8.091946978359028
CHEMBL1430995,Cc1ccc(N2C(=O)Cc3ccccc3C2=O)cc1,5.337998120610083
CHEMBL1370844,O=[N+]([O-])c1ccc(N(c2ccccc2)c2ccccc2)cc1,5.15857795559764
CHEMBL1327783,O=C(c1nnsc1[S+]([O-])c1ccc(Cl)cc1)N1CCOCC1,4.510885630621081
CHEMBL1564153,O=C1c2cccc3c(N4CCCCC4)ccc(c23)C(=O)N1c1ccccc1O,5.117418546445549
CHEMBL1990694,CCCC/N=C1\C(=O)N(C)c2cccc3c(O)c4ccccc4c1c23,5.043063586155804
CHEMBL1375338,CS(=O)(=O)c1nc(-c2ccc(F)cc2)cc(C(F)(F)F)n1,4.563026790480732
CHEMBL1532571,Cc1nn(C)c(C)c1N1C(=O)c2cccc3c(Br)ccc(c23)C1=O,5.242907779881067
CHEMBL1713905,CN1C(=O)/C(=N\CCc2ccccc2)c2c3ccccc3c(O)c3cccc1c23,5.2236620903798245
CHEMBL1413680,O=[N+]([O-])c1cnc(Sc2ccncn2)s1,4.30372226326429
CHEMBL1470904,CC(C)OC(=O)c1sc2nc(-c3ccccc3)ccc2c1N,5.4320330931768455
CHEMBL1541918,CC(=O)c1sc2nc(-c3ccc(C)cc3)c3c(c2c1N)CCCC3,5.428291168191312
CHEMBL1688693,Cc1cc2nc(/C=C/c3nc4cc(C)c(C)cc4[nH]3)[nH]c2cc1C,4.680581610952272
CHEMBL1345017,O=c1ccc2cc3c4c(c2o1)CCCN4CCC3,5.147703034173075
CHEMBL131770,O=C(/C=C(O)/C=C/c1ccc(O)cc1)/C=C/c1ccc(O)cc1,5.289628735739237
CHEMBL428064,O=S1(=O)Nc2c(ccc3cccnc23)-c2ccccc21,8.09194685170209
CHEMBL1734268,O=C1C=CC(=O)N1c1ccc2c(c1)C(NC(=O)C(F)(F)F)c1ccccc1-2,4.839081500460219
CHEMBL1510339,COC(=O)c1ccc(NC(=O)c2nc(S(=O)(=O)Cc3cccc(C)c3)ncc2Cl)cc1,4.971957704909251
CHEMBL1352586,CCCC(=O)OCCNc1cc(Sc2nc3ccccc3[nH]2)c2nonc2c1[N+](=O)[O-],4.960625544231526
CHEMBL1567159,CN(CCO)c1cc(Sc2nc3ccccc3s2)c2nonc2c1[N+](=O)[O-],5.050951707684336
CHEMBL1424562,O=C(Nc1ccccc1)c1nnsc1[S+]([O-])c1ccc(Cl)cc1,4.9247450994671
CHEMBL1734763,O=C1C=CC(=O)N1c1ccccc1N1C(=O)C=CC1=O,4.865121954804871
CHEMBL1532668,Nc1cc(Cl)c2nonc2c1[N+](=O)[O-],8.09272456610897
CHEMBL1588411,Cc1nnc(Sc2cc(NCCCO)c([N+](=O)[O-])c3nonc23)s1,4.960665211261914
CHEMBL1449204,CCOC(=O)CS(=O)(=O)c1nc(-c2ccccc2)cc(C(F)(F)F)n1,4.716563075472224
CHEMBL1726592,O=c1c2cc(C(F)(F)F)ccc2sn1-c1ccccc1,4.303137084234035
CHEMBL1471341,CCS(=O)(=O)c1ncc(Cl)c(C(=O)Nc2ccc(C)cc2)n1,5.116452120731957
CHEMBL1432251,COc1ccc(CS(=O)(=O)/C(Cl)=C(/Cl)C(=O)Nc2ccc(OC)nc2)cc1,8.366198078719734
CHEMBL1734503,COc1ccc(C[C@@H]2OC3(C=CC(=O)C=C3)O[C@H]2Cc2ccc(OC)cc2)cc1,4.757707095017069
CHEMBL1999049,CCn1c(Cl)c(C=O)s/c1=N\S(=O)(=O)c1ccccc1,4.904133546521457
CHEMBL1904199,O=C(NCc1ccccc1C(F)(F)F)c1cccc2c1C(=O)c1ccc(N3CCC(N4CCCCC4)CC3)cc1S2(=O)=O,5.229884705212898
CHEMBL1375884,Cc1cccc(CS(=O)(=O)c2ncc(Cl)c(C(=O)Nc3ccc(F)cc3)n2)c1,8.29902817157103
CHEMBL3207597,C/C(=N\Nc1ccc([N+](=O)[O-])cc1)c1ccc2c(c1)OCO2,4.9023609844531615
CHEMBL1589062,COc1ccc(Cn2cc3c(-c4ccc(F)cc4)nnc-3c3cc(OC)c(OC)cc32)cc1,5.253054590384895
CHEMBL1542492,CC(NC(=O)/C(C#N)=C/c1ccc([N+](=O)[O-])o1)c1ccccc1,5.08444188458848
CHEMBL1385690,CCCC(=O)OCCNc1cc(Sc2nccn2C)c2nonc2c1[N+](=O)[O-],5.0804512410311515
CHEMBL1472131,CCCCNc1ccc2c3c(cccc13)C(=O)N(CCCC)C2=O,5.512720183556931
CHEMBL1492648,CS(=O)(=O)c1nc(-c2ccccc2)cc(C(F)(F)F)n1,4.536629672707593
CHEMBL1434843,O=C(NC1CCCCC1)c1cccc2c1C(=O)c1ccc(N3CCC(Cc4ccccc4)CC3)cc1S2(=O)=O,5.411728293157671
CHEMBL1736537,CC(=O)Nc1ccc2c(c1)Cc1cc(N3C(=O)C=CC3=O)ccc1-2,5.140561464544944
CHEMBL1565458,O=C1C2C(c3ccccc3)C=CC(c3ccccc3)C2C(=O)N1c1ccccn1,4.224965109472471
CHEMBL1372920,O=C1c2cccc3c(O)ccc(c23)C(=O)N1c1ccc(Cl)cc1,4.718602978151243
CHEMBL1611002,CCN(CC)c1ccc2cc(-c3nnc(-c4ccccc4)o3)c(=O)oc2c1,8.091946971907582
CHEMBL1966746,C/C(=N\Nc1ccc(S(N)(=O)=O)cc1[N+](=O)[O-])c1cccs1,8.091946971907582
CHEMBL1966700,COc1ccc(C(=O)Nc2ccc(/C(C)=N/NC(=O)c3ccncc3)cc2)cc1,8.091946971907582
CHEMBL3207378,C/C(=N\O)c1ccc2c3c([nH]c2c1)CCCC3,8.091946971907582
CHEMBL1518886,N#CC(C#N)=C1C=C2C=C(N3CCCCCC3)CCC2CC1,5.6010189333418685
CHEMBL1398812,O=[N+]([O-])c1ccc(N2CCCCCC2)c2nonc12,4.237636582854923
CHEMBL598477,O=C(Nc1ccc2oc(-c3ccccc3F)nc2c1)c1ccc([N+](=O)[O-])o1,8.091946971907582
CHEMBL1604962,N#CC(C#N)=C1C=C2C=C(N3CCOCC3)CCC2CC1,5.562090964460501
CHEMBL3198439,CC(C)n1cc(/C=N/Nc2ccc(Cl)c(C(=O)O)c2)c2ccccc21,8.091946971907582
CHEMBL1491016,COc1cc(/C=C2/SC(=S)N(Cc3ccccc3)C2=O)cc(OC)c1O,8.091946971907582
CHEMBL1379677,O=C1c2ccccc2-c2onc3ccc(NCCCn4ccnc4)c1c23,5.765229704839084
CHEMBL1604510,COc1ccc(/C=C2/SC(c3ccc(C)cc3)=NC2=O)cc1OC,8.091946971907582
CHEMBL1582196,CC(C)C(CCN1C(=O)c2ccccc2C1=O)c1ccco1,4.871988667424025
CHEMBL1306565,CCN(CC)c1ccc2c(-c3ccc(S(=O)(=O)[O-])cc3S(=O)(=O)[O-])c3ccc(=[N+](CC)CC)cc-3oc2c1.[Na+],8.091946971907582
CHEMBL1556007,O=C(Nc1ccc(C(F)(F)F)cc1)c1ccc(NC(=O)C2CCCO2)cc1,8.091946971907582
CHEMBL1413533,COc1ccccc1N1N=C(c2ccc([N+](=O)[O-])cc2)CC1c1ccccc1,8.091946971907582
CHEMBL1524257,Cc1cccc(N2C(=O)c3cccc4c(N)ccc(c34)C2=O)c1,4.681894907959959
CHEMBL1396129,COc1ccc(-c2cc(=O)oc3c(C)c(OCC(=O)NCCCn4ccnc4)ccc23)cc1,4.46953135311107
CHEMBL1409608,CCOc1ccc(/C=C2\CCCc3c2nc2ccccc2c3C(=O)O)cc1OC,4.438564672096194
CHEMBL1413510,Nc1ccc2c3c(cccc13)C(=O)N(c1ccccc1)C2=O,4.964410182756542
CHEMBL1310325,CCN(CC)CCOC(=O)c1ccc(N/C=C(/C#N)c2nc(-c3cc4ccccc4oc3=O)cs2)cc1,8.091946971907582
CHEMBL1458472,O=P(O)(O)c1cc(-c2ccccc2)oc1-c1ccccc1,4.969683694011414
CHEMBL1416351,COc1ccc2c(Cl)c(C(=O)NCCCn3ccnc3)sc2c1Cl,8.091946971907582
CHEMBL1419637,CCc1cc(=O)oc2cc(C)c(CN3CCCC3)c(O)c12,5.157702865671935
CHEMBL1333292,COc1ccc(-c2occ(C(=O)O)c2C(=O)O)cc1,4.446092711772258
CHEMBL1977499,CN(/N=C/c1ccc(-c2ccc([N+](=O)[O-])cc2)o1)c1ccccc1,8.091946971907582
CHEMBL1399400,O=C1C2C(c3ccccc3)C=CC(c3ccccc3)C2C(=O)N1c1ccncc1,4.20460666506871
CHEMBL1303641,COCCCNc1c(O)nc2cccc3c2c1-c1ccccc1C3=O,5.735182176990463
CHEMBL587994,CCC(/C=C1\Sc2ccc3ccccc3c2N1C)=C\c1sc2ccc3ccccc3c2[n+]1C.[Cl-],8.091946971907582
CHEMBL1498210,CCN1CCN(C2=CC3=CC(=C(C#N)C#N)CCC3CC2)CC1,5.4319156686846055
CHEMBL1430184,CCCN1C(=O)c2cccc3c(N4CCCCC4)ccc(c23)C1=O,8.091946971907582
CHEMBL1527994,CCN(CC)c1ccc(/C=C/C(=O)c2ccc(Br)cc2)cc1,5.073143291050307
CHEMBL1387366,CNc1ccc2c3c(cccc13)C(=O)N(C)C2=O,5.51427857351842
CHEMBL1390971,Cc1nn(C)c(C)c1N1C(=O)c2cccc3c(N)ccc(c23)C1=O,5.046240308266771
CHEMBL1420142,CN1/C(=C\C=C2/C(=O)Oc3ccccc3C2=O)C(C)(C)c2ccccc21,4.5021170575755685
CHEMBL1547938,O=C1c2cccc3c(O)ccc(c23)C(=O)N1Cc1ccco1,4.882297938790685
CHEMBL1502002,CCOC(=O)C1CCCN(c2ccc([N+](=O)[O-])c3nonc23)C1,4.5806722030032425
CHEMBL1304024,O=Cc1ccc2cccc3c2c1N=C(C(F)(F)F)N3,5.057545473657523
CHEMBL1495079,Cn1cc(/C=C(\C(=O)O)C(C(=O)O)=C2CCCCC2)c2ccccc21,4.267003471888871
CHEMBL1605743,O=c1ccc2c(-c3ccccc3)c3ccc(O)cc3oc-2c1,6.426873005565224
CHEMBL1501987,CCCCn1c(=O)[nH]c2nc3cc(N)ccc3nc2c1=O,4.775285695469602
CHEMBL1398345,CCN1C(=O)c2cccc3c(N)ccc(c23)C1=O,5.083914700156297
CHEMBL1985696,COc1ccc(/C(C)=N/NC(=O)c2nnn(-c3nonc3N)c2-c2ccccc2)cc1,8.091946971907582
CHEMBL1597682,O=C(CCN1C(=O)/C(=C/c2ccc(Cl)cc2)SC1=S)NCCCn1ccnc1,8.091946971907582
CHEMBL1724937,CN1C(=O)/C(=N\CCO)c2c3ccccc3c(O)c3cccc1c23,5.856360764725457
CHEMBL1410659,CC(=O)Nc1ccc(N2C(=O)c3cccc4c(O)ccc(c34)C2=O)cc1,4.899560524720892
CHEMBL1985601,CN(C)c1ccc(/C=N/N(CCO)C2=NS(=O)(=O)c3ccccc32)cc1,5.026872146400302
CHEMBL1571034,COc1cc(OC)c(-c2c3cc(O)c(=O)cc-3oc3cc(O)c(O)cc23)cc1OC,5.291239276309684
CHEMBL1453652,O=C(O)c1ccccc1-c1ccc(/C=C/c2cc(C(F)(F)F)nc(O)n2)o1,4.601677980244123
CHEMBL3190111,COCCCn1/c(=N/C(=O)c2ccccc2)c(C#N)cc2c(=O)n3cccc(C)c3nc21,8.091946971907582
CHEMBL1576762,Cc1n[nH]c(C)c1N1C(=O)c2cccc3c(N4CCCCCC4)ccc(c23)C1=O,4.809416204022821
CHEMBL1362746,CCN(CC)C1=CC2=CC(=C(C#N)C#N)CCC2CC1,8.250224028951294
CHEMBL1522563,Nc1ccc2ccc3cccc[n+]3c2c1.[O-][Cl+3]([O-])([O-])[O-],8.298433851057679
CHEMBL1412067,CN1C(=O)c2cccc3c(N)ccc(c23)C1=O,5.14466259553046
CHEMBL1373849,O=C1/C(=C\c2cc(Cl)c(O)c(Cl)c2)SC(=S)N1Cc1ccccc1,4.3060884711944
CHEMBL1713905,CN1C(=O)/C(=N\CCc2ccccc2)c2c3ccccc3c(O)c3cccc1c23,5.034422042089472
CHEMBL1990694,CCCC/N=C1\C(=O)N(C)c2cccc3c(O)c4ccccc4c1c23,4.926025180133341
CHEMBL1322893,COc1ccccc1-c1csc(-n2ncc(C#N)c2N)n1,8.091946971907582
CHEMBL1492044,CC(=O)Oc1ccc2c(c1)Oc1cc(OC(C)=O)ccc1C21OC(=O)c2ccccc21,4.400586394209363
CHEMBL1502551,CCN(CC)c1ccc2cc(C(=O)NCc3ccc(F)cc3)c(=N)oc2c1,8.091946971907582
CHEMBL1991136,CN(/N=C/c1ccc(N(C)C)cc1)C1=NS(=O)(=O)c2ccccc21,4.82492327882379
CHEMBL1431610,O=c1cc(C(F)(F)F)c2cc3c4c(c2o1)CCCN4CCC3,4.656296068216789
CHEMBL1583960,CCN(CC)c1ccc2cc(C=O)c(=O)oc2c1,4.411459394032273
CHEMBL1583872,N#CC(C#N)=C1C=C2C=C(N3CCCCC3)CCC2CC1,5.632457726479423
CHEMBL1510317,O=C1CCN2C=Nc3cccc4ccc1c2c34,5.03531618502396
CHEMBL1557243,CC(C)n1cc(/C=C/c2cc[n+](C)cc2)c2ccccc21.[I-],4.537033299090238
CHEMBL1446754,CCn1c(=S)sc2c(=O)n(CC(=O)Nc3ccccc3C(F)(F)F)c(C)nc21,8.091946971907582
CHEMBL1606773,CCOc1cc2c(cc1/C=C/c1noc(C)c1[N+](=O)[O-])OC(C)C2,8.091946971907582
CHEMBL1490312,CN1C(=O)/C(=C\c2ccc(N(C)C)cc2)OC1=S,8.091946971907582
CHEMBL1331195,CN(C)/C=C1\C=C2C(=O)c3ccccc3N2C1=O,6.048526481857306
CHEMBL1557268,CCOC(=O)c1c2c3c(cccc3n(C)c1=O)C(=O)c1ccccc1-2,4.2698559116690005
CHEMBL1432003,CCCCC(Sc1nc(N)c(NC(=O)c2ccco2)c(O)n1)C(=O)O,8.091946971907582
CHEMBL1320566,Cc1ccc2[nH]cc(/C=C/c3cc[n+](C)cc3)c2c1.[I-],4.588346629102688
CHEMBL1513792,Cc1ccc(Cn2c(C(C)Nc3nc(-c4ccc(C)cc4)cs3)nc3cc(Cl)c(Cl)cc32)cc1,4.599047772139096
CHEMBL1510658,CC(=O)N(c1cccc(C)c1)C1SC(=O)N(c2ccccc2)C1=O,4.2652561604174615
CHEMBL1392848,Nc1ccc(-c2c3ccc(=O)cc-3oc3cc(O)ccc23)cc1C(=O)O,5.349401101827343
CHEMBL1332522,CCCCN(C)C1=CC2=CC(=C(C#N)C#N)CCC2CC1,5.390939450069913
CHEMBL1538987,CC(C)(C)c1ccc(-c2c(C(=O)O)c(C(=O)O)c3n2CSC3)cc1,4.5146193302890625
CHEMBL1439847,Cc1nn(-c2ccccc2)c(Cl)c1/C=C(\CC(=O)O)c1nc2ccccc2s1,5.033201453616639
CHEMBL1415476,CCCCCCn1c(=O)[nH]c2nc3cc(N)ccc3nc2c1=O,4.279873786958028
CHEMBL1463795,CN1CCN(C2=CC3=CC(=C(C#N)C#N)CCC3CC2)CC1,5.523168371487739
CHEMBL533293,CCN1/C(=C/C=C/c2oc3ccc4ccccc4c3[n+]2CC)Oc2ccc3ccccc3c21.Cc1ccc(S(=O)(=O)[O-])cc1,8.091946971907582
CHEMBL1607380,COc1ccc(/C=C2\CCCc3c2nc2ccccc2c3C(=O)O)cc1OC,4.251424383069008
CHEMBL2003304,CC/N=C1\C(=O)N(C)c2cccc3c(O)c4ccccc4c1c23,5.307417437725091
CHEMBL1500251,Nc1cccc(N2C(=O)c3cccc4c(N)ccc(c34)C2=O)c1,4.5824950924276875
CHEMBL1472131,CCCCNc1ccc2c3c(cccc13)C(=O)N(CCCC)C2=O,4.5859630643350835
CHEMBL1372738,CCOc1ccc(-c2cc(C(=O)NCCCn3ccnc3)c3cc(Br)ccc3n2)cc1,8.091946971907582
CHEMBL374632,CCN(CC)c1ccc2cc(-c3nc4ccccc4[nH]3)c(=O)oc2c1,5.564155634015559
CHEMBL1523652,Oc1ccc2ccccc2c1-c1sc(Nc2ccccc2)n[n+]1-c1ccc(F)cc1.[Cl-],4.49513512099229
CHEMBL1315955,COC(=O)c1sccc1NC(=O)c1ccc(C#N)cc1,8.091946971907582
CHEMBL1542877,N=C1/C(=C\c2coc3ccccc3c2=O)C(=O)N=C2SC=CN12,4.593493883214197
CHEMBL1425421,Cc1cc(OCc2cc(C(=O)O)oc2C)c2c3c(c(=O)oc2c1)CCCC3,6.235077015350112
CHEMBL1591156,Cc1cc(=O)oc2c3c(cc(OCC(=O)N4CCC[C@H]4C(=O)O)c12)OC(C)(C)CC3,5.307064997468863
CHEMBL1448093,O=C1Nc2cc(C(=O)N3CCC(N4CCCCC4)CC3)ccc2S/C1=C\c1ccccc1,5.345438445258257
CHEMBL1578600,Oc1nc2c(s1)C(c1cccnc1)C1C3CCC(C3)C1S2,7.469288162018343
CHEMBL1447888,COc1ccc2[nH]c(C(=O)O)c(CCN3C(=O)c4ccc(C(=O)O)cc4C3=O)c2c1,6.363431871892868
CHEMBL1574794,Cc1c(C)c2ccc(OCC(=O)N3CCC[C@@H]3C(=O)O)c(C)c2oc1=O,5.680061560019691
CHEMBL1346167,O=C(CSc1nnc(NC(=O)c2cccc(F)c2)s1)NCc1ccco1,5.341797746612985
CHEMBL1415903,Sc1nnc(-c2ccccc2)n1C1C=CCCC1,5.3019864960608185
CHEMBL3194647,O=[N+]([O-])c1ccccc1/C=C/C=N/n1c(S)nnc1-c1ccccc1F,8.285780669942016
CHEMBL1358969,O=C(CSc1nnc(NC(=O)C2CC2)s1)NCc1ccccc1Cl,5.335076106561918
CHEMBL1422515,CC1CCCC(C)N1C(=O)CSc1nnc(NC(=O)c2cccs2)s1,5.406713932979542
CHEMBL1596878,CC1=C(C(=O)O)N2C(=O)C(NC(=O)c3nn(C)cc3[N+](=O)[O-])C2SC1,5.068491278133383
CHEMBL1378904,O=C(CSc1nnc(NC(=O)c2ccccc2[N+](=O)[O-])s1)NCc1ccco1,5.581532979053399
CHEMBL1464897,CCCn1c(S)nnc1C(C)C,5.458920232223371
CHEMBL1373572,COc1ccc(-c2cc(C(F)(F)F)nc(N3CCN(C)CC3)n2)cc1,8.091946971907582
CHEMBL1445447,Sc1nnc(C2CC2)n1Cc1ccco1,5.424696666577601
CHEMBL1299716,Cc1n[nH]c(C)c1CCCCOc1ccc([N+](=O)[O-])cc1,5.279344643448276
CHEMBL1555759,CCCc1cc(=O)oc2c3c(cc(OCC(=O)N[C@@H](C)C(=O)O)c12)OC(C)(C)CC3,5.156829535480102
CHEMBL1540042,CCCCn1c(S)nnc1-c1ccoc1C,5.37202001017002
CHEMBL1438203,Cc1ccc(-c2c(C(=O)O)c(C(=O)O)c3n2CSC3)cc1,5.529736553034922
CHEMBL1558250,CCCCn1c(S)nnc1-c1nn(C)c(C)c1Cl,5.700492701299512
CHEMBL1554968,Cc1cc(OCC(=O)N2CCC[C@@H]2C(=O)O)c2c(C)c(C)c(=O)oc2c1,5.275069085807602
CHEMBL1324305,Cc1c(Cl)c(-c2nnc(S)n2-c2ccc(F)cc2)nn1C,5.204258979130756
CHEMBL1379746,O=C(c1ccco1)N1N=C(c2ccc(Cl)cc2)CC1c1ccco1,5.7942544590573375
CHEMBL1401466,O=C(C1=C(O)C(=O)N(Cc2cccnc2)C1c1ccccn1)c1ccccc1,5.663540266151471
CHEMBL1376656,O=C(CSc1nnc(NC(=O)c2ccccc2)s1)NCc1ccco1,5.334700500500103
CHEMBL1389969,Sc1nnc(-c2ccco2)n1Cc1ccccc1,5.454198242840723
CHEMBL1452412,Sc1nnc(-c2ccccc2)n1Cc1ccccc1,5.080764962076749
CHEMBL1419367,C=CCn1c(S)nnc1C1CC1,5.077585975854365
CHEMBL1445684,Sc1nnc(-c2ccc3ccccc3n2)n1-c1ccc2c(c1)OCCO2,5.101219986710174
CHEMBL1340014,O=c1c2ccccc2cnn1Cc1nnc(S)n1C1CC2CCC1C2,5.014932966849499
CHEMBL1390220,CC(C)Cn1c(S)nnc1-c1ccco1,5.359717370303319
CHEMBL1455265,O=C(O)c1c(C(=O)O)c(-c2ccc(Br)cc2)n2c1CSC2,5.821598658466245
CHEMBL1516970,Sc1nnc(-c2cccs2)n1C1CCCCC1,5.882728704344236
CHEMBL3190779,CN(C)S(=O)(=O)c1cccc(NC(=S)N/N=C/C2CC=CCC2)c1,6.47543512658219
CHEMBL1498006,CC(C)(C)C(=O)Nc1nnc(CSCc2ccccc2F)s1,5.706858516549069
CHEMBL1573007,O=[N+]([O-])c1ccc(-c2ccccc2)c([As](=O)(O)O)c1,6.6112063276764985
CHEMBL1458632,NC(=O)SCC(=O)Nc1ccccc1C(=O)O,5.2784366816425194
CHEMBL1603777,CCOC(=O)c1[nH]c(C(=O)O)c(CCC(=O)OC)c1C,5.3014645074379985
CHEMBL3194162,O=C(O)c1cccc(NC(=S)N/N=C/c2ccccc2OCc2cccc(Br)c2)c1,5.935167780261426
CHEMBL1435494,Cc1cc(=O)oc2c3c(cc(OCC(=O)N[C@@H](Cc4ccccc4)C(=O)O)c12)OC(C)(C)CC3,5.1244178956721145
CHEMBL1527705,Oc1nc(SCc2nnc(S)n2-c2ccccc2)nc2sc3c(c12)CCC3,5.376337292643796
CHEMBL3196601,O=C(O)COc1ccccc1/C=N/n1c(S)nnc1C1CCCCC1,5.06454311928839
CHEMBL1579462,O=C(O)/C=C/c1nnc2c3ccccc3cnn12,5.352421445787545
CHEMBL3213100,COc1cc(OC)c(OC)cc1/C=N/NC(=O)CC1C(=O)NN=C1C,5.835647144215563
CHEMBL1368761,COc1cc2c(cc1OC)C(C)N(C(=O)c1nccnc1C(=O)O)CC2,5.241466577762713
CHEMBL1455686,CCn1c(S)nnc1-c1nn(-c2ccccc2)ccc1=O,5.06706985716921
CHEMBL1469441,O=C(O)c1[nH]c2ccc(Br)cc2c1CCN1C(=O)c2cccc([N+](=O)[O-])c2C1=O,6.145086977692144
CHEMBL1492629,Cc1ccc(S(=O)(=O)n2[nH]c(=O)cc2NC(=O)c2cccs2)cc1,6.92016780032278
CHEMBL1410338,Cc1ccc(-c2nnc(S)n2-c2ccccc2)cc1,4.99727252731017
CHEMBL1534296,O=C(O)c1ccccc1Sc1ncnc2sc3c(c12)CCC3,5.407823242604133
CHEMBL3191768,COc1ccc(OC)c(/C=N/NC(=O)CC2C(=O)NN=C2C)c1,5.671416550285798
CHEMBL1391244,CC(C)(C)c1ccc(-c2nnc(S)n2CCCN2CCOCC2)cc1,5.172114017210144
CHEMBL1597507,O=C(CCN1C(=O)/C(=C/c2ccccc2F)SC1=S)NCCCn1ccnc1,5.3473669319168895
CHEMBL1414554,O=P(O)(O)c1ccccc1OCCCCCOc1ccccc1P(=O)(O)O,6.064492734175287
CHEMBL1423602,CSC[C@H](NC(=O)COc1cc2c(c3oc(=O)c(C)c(C)c13)CCC(C)(C)O2)C(=O)O,5.375717904164332
CHEMBL3197536,CCc1nnc(S)n1/N=C/c1ccc(NC(C)=O)cc1,5.6823544567788415
CHEMBL1556501,CCOC(=O)N=S(N)(=O)c1ccccc1,5.31443738884177
CHEMBL1548211,COc1ccccc1C(=O)Nc1nnc(SCC(=O)NCc2ccco2)s1,5.583692412940118
CHEMBL1541211,COc1ccc(C(=O)C2=C(O)C(=O)N(Cc3ccco3)C2c2cc(OC)ccc2OC)cc1,5.251037138743839
CHEMBL1315870,CCCCc1cc(=O)oc2c3c(cc(OCC(=O)N4CCC[C@H]4C(=O)O)c12)OC(C)(C)CC3,5.049099910633613
CHEMBL3199800,O=[N+]([O-])c1ccccc1/C=N/n1c(S)nnc1C(F)(F)F,5.505845405981558
CHEMBL1537904,O=C(O)CC/C(=C\c1cc([N+](=O)[O-])ccc1Cl)c1nc2ccccc2s1,5.380280734388273
CHEMBL1576713,Cn1c(S)nnc1-c1sccc1OCc1ccc(Cl)cc1Cl,6.111259039317107
CHEMBL1532258,COc1cccc(-n2c(S)nnc2CNC(=O)OC(C)(C)C)c1,5.106016432788153
CHEMBL1537972,O=C(CSc1nnc(NC(=O)c2cc(Br)ccc2Cl)s1)NCC1CCCO1,5.231213953091986
CHEMBL1587451,O=C(CSc1nnc(NC(=O)c2c(F)cccc2F)s1)NCc1ccccc1,5.441051554021961
CHEMBL1400031,Fc1ccccc1-c1nnc(S)n1Cc1ccccc1,5.383419469914114
CHEMBL1456096,Sc1nnc(-c2cccs2)n1Cc1ccccc1,6.051098239029786
CHEMBL1414683,CC(C)(C)C(=O)Nc1nnc(SCC(=O)NCc2cccs2)s1,6.058488567365597
CHEMBL1538097,Cc1ccc(-n2c(S)nnc2-c2nn(C)c(C)c2Cl)cc1,5.42969061456412
CHEMBL1517808,Cc1cccc(C(=O)Nc2nnc(SCC(=O)NCc3ccco3)s2)c1,4.665465831390844
CHEMBL1556931,Sc1nnc(-c2ccccc2)n1CC1CCCO1,5.38153350780092
CHEMBL1509766,Sc1nnc(C2CC2)n1Cc1ccccc1,6.026872146400302
CHEMBL1431288,Cc1cccc(C2c3[nH]c4ccccc4c3CCN2C(=O)c2cc(CC(C)C)nc(O)n2)n1,5.561932549546506
CHEMBL3196939,CCc1nnc(S)n1/N=C/C(C)=C\c1ccccc1,6.478482728267383
CHEMBL1463059,Cc1cccc(-n2c(C)nnc2S)c1C,5.082547008070336
CHEMBL1381292,Sc1nnc(Cn2c(-c3ccccn3)nc3ccccc32)n1-c1ccc2c(c1)OCCO2,5.3945872018469485
CHEMBL1314447,Cc1c(C)c2c(OCC(=O)N3CCC[C@H]3C(=O)O)cc3c(c2oc1=O)CCC(C)(C)O3,6.279840696594043
CHEMBL335619,O=C(O)Cn1cccc1C(=O)c1ccccc1,5.394156460941911
CHEMBL1371432,COCC(C)NC(=O)c1cc2cccc([N+](=O)[O-])c2[nH]1,5.211124884224583
CHEMBL1549144,CC(C)(C)CC(=O)Nc1nnc(SCC(=O)NCc2cccs2)s1,5.177766519761156
CHEMBL1431535,O=C1Nc2cc(C(=O)NCCCN3CCOCC3)ccc2S/C1=C/c1ccccc1F,4.754907023898719
CHEMBL1605748,O=C(O)c1ccccc1C(=O)c1cccc2ccccc12,8.266193408116102
CHEMBL1522756,COc1ccccc1-n1c(S)nnc1-c1ccco1,5.28274568723745
CHEMBL1577281,O=P(O)(O)c1ccccc1OCc1ccccc1,6.161780778092374
CHEMBL1606520,Cc1ccccc1C(=O)Nc1nnc(SCC(=O)NCc2ccco2)s1,5.95233580539844
CHEMBL1483727,CSc1nc(SCC(=O)O)c2c3c(sc2n1)COC(C)(C)C3,5.271402756616569
CHEMBL1402778,O=C(CSc1nnc(NC(=O)C2CCCCC2)s1)NCc1ccco1,5.651305809734459
CHEMBL1493353,CC(C)(C)c1ccc(COc2ccsc2C(=O)O)cc1,5.2432878398352285
CHEMBL1573854,O=C(C1=C(O)C(=O)N(Cc2cccnc2)C1c1ccccn1)c1ccc(F)cc1,6.026410376572743
CHEMBL1328086,O=C(O)C1Sc2nc(O)sc2C2c3cc(Cl)ccc3OC(=O)C12,8.091946971907582
CHEMBL1424340,CCN(CC)C(=O)CSc1nc2ccc(NC(=O)CSc3nccn3C)cc2s1,5.442492798094342
CHEMBL1610243,Cc1cc(C(=O)OCC(=O)NC(=O)c2cccn2C)c2ccccc2n1,5.639028116274064
CHEMBL1559733,O=C(C1=C(O)C(=O)N(Cc2cccnc2)C1c1ccccn1)c1cccs1,5.316142794599654
CHEMBL1345175,CC1CCCCC1n1c(S)nnc1-c1cccnc1,5.3929741215652145
CHEMBL1557347,CCCCn1c(S)nnc1-c1nn(C)cc1Cl,5.789413975094844
CHEMBL1606872,CCCCn1c(S)nnc1-c1sccc1C,6.017276612331455
CHEMBL1538815,C=C(c1cccc2ccccc12)P(=O)(O)O,5.664542099310616
CHEMBL3191623,CC(=C/c1ccccc1)/C=N/n1c(S)nnc1-c1ccncc1,5.4874490070957895
CHEMBL1348676,Cc1nn(CCc2nnc(S)n2-c2cccc(Cl)c2)c(C)c1[N+](=O)[O-],5.3655227298392685
CHEMBL1584189,Sc1nnc(-c2ccco2)n1-c1cccc2ccccc12,5.401647290130716
CHEMBL1594123,CCCc1cc(=O)oc2c3c(cc(OCC(=O)N4CCC[C@H]4C(=O)O)c12)OC(C)(C)CC3,5.763210900590707
CHEMBL3194164,Oc1c(Br)cc(/C=N/n2c(S)nnc2-c2ccccc2)cc1Br,8.28274943129104
CHEMBL3194460,O=C(O)c1cccc(NC(=S)N/N=C/c2ccccc2OCc2ccc(Br)cc2)c1,6.053056729302175
CHEMBL1326008,Cc1c(C)c2c(OCC(=O)N[C@@H](C)C(=O)O)cc3c(c2oc1=O)CCC(C)(C)O3,5.813043664534588
CHEMBL1415221,Cn1c(S)nnc1-c1sccc1OCc1ccccc1,5.92009553233328
CHEMBL1411914,O=Cc1c(O)nc2ccccc2c1NCc1ccc(Cl)cc1,5.008773924307505
CHEMBL1577867,O=C(O)C(NC(=O)c1ccccc1)=C(Cl)Cl,5.105075022640457
CHEMBL1397449,CCc1cc(=O)oc2c(C)c(OCC(=O)N3CCC[C@@H]3C(=O)O)ccc12,5.047546603576967
CHEMBL1550381,CC(=O)c1ccc(-c2ccc(Cn3c(C)nc4cc(N)c(C)nc43)cc2)cc1,5.2016947179780235
CHEMBL1442450,Cn1ccnc1SCC(=O)Nc1ccc2nc(SCC(=O)NC3CC3)sc2c1,5.04599883231843
CHEMBL1571964,Cc1c(OCC(=O)N2CCC[C@@H]2C(=O)O)ccc2c3c(c(=O)oc12)CCC3,5.2652801583443205
CHEMBL1388851,C=C(C)Cn1c(S)nnc1-c1cccs1,5.858550226599533
CHEMBL1371319,COc1ccc(OC)c(C2C(C(=O)c3ccco3)=C(O)C(=O)N2Cc2cccnc2)c1,6.154901959985743
CHEMBL1481755,COCC(=O)Nc1nnc(SCC(=O)NCc2cccs2)s1,5.440931665965463
CHEMBL3193161,CC(=C/c1ccccc1)/C=N/n1c(C)nnc1S,5.601539150391777
CHEMBL1328892,O=C(O)c1[nH]c2ccc(Cl)cc2c1CCN1C(=O)c2ccccc2C1=O,6.427581508012883
CHEMBL1345758,COc1ccccc1-c1nnc(S)n1Cc1ccco1,5.185286387304023
CHEMBL1464372,COc1ccc(-c2nnc(S)n2-c2ccc3c(c2)OCCO3)cc1OC,5.582196277360119
CHEMBL1565378,CCCC(=O)Nc1nnc(SCC(=O)NCc2cccs2)s1,5.3293831135996745
CHEMBL1551022,Cc1cc(C)n(-c2nc(SCC(=O)O)c3c4c(sc3n2)COC(C)(C)C4)n1,5.042249089122721
CHEMBL1511843,O=C(CSc1nnc(NC(=O)c2ccccc2F)s1)NCc1ccc(F)cc1,5.437350327788083
CHEMBL1342574,Cc1ccc(NN2C(=O)C=C(c3ccccc3)C2=O)cc1,4.542284589504117
CHEMBL1539486,CCOC(=O)c1ccc(NC(=O)Nc2ccon2)cc1,4.303503820654082
CHEMBL1587764,Cc1ccccc1N1C(=O)CC(Sc2nnc(-c3ccccc3)o2)C1=O,4.896127891596945
CHEMBL1418341,Cc1cccc2sc(N(CCCN(C)C)C(=O)CCS(=O)(=O)c3ccccc3)nc12,8.091946971907582
CHEMBL1539520,COc1ccc(C(=O)/C=C/C(=O)N(CC(=O)NC2CCCCC2)Cc2cccs2)c(O)c1,4.606635414814998
CHEMBL2130584,CCOC(=O)[C@]12Cc3ccc(C)cc3[C@H]1N(C1CCCCC1)C(=O)c1ccccc12,4.699295847403876
CHEMBL2130621,CCOC(=O)[C@]12Cc3ccccc3[C@H]1N(C1CCCCC1)C(=O)c1cc(OC)ccc12,4.3189216535990935
CHEMBL1497139,N#CC(C#N)=C1C=CC=CN1/C(=C\c1ccco1)C(=O)c1ccc(Br)cc1,4.349556477521287
CHEMBL1485865,COC(=O)c1ccc2c(c1)C(C)(C)C(/C=C/c1ccc(OC)c(OC)c1OC)=[N+]2C.[I-],4.40776770977599
CHEMBL1717890,O=C(NC1=CC(=O)c2ccccc2C1=O)c1ccccc1,4.302456822842497
CHEMBL1610025,CCC(=O)OCCNc1cc(Sc2nc3ccccc3s2)c2nonc2c1[N+](=O)[O-],4.915387979134748
CHEMBL1521425,N#Cc1ccccc1Cn1cc(/C=C/[N+](=O)[O-])c2ccccc21,4.612556780081066
CHEMBL1518934,N#Cc1cccc(NC(=O)COC(=O)c2ccccc2C(=O)c2ccc(Cl)c([N+](=O)[O-])c2)c1,8.091946978359333
CHEMBL1406130,O=c1c2cc(F)ccc2sn1-c1ccccc1,4.624958558327074
CHEMBL1708074,COC(=O)C1=C(C(=O)OC)SC2(S1)C(C(=O)OC)=C(C(=O)OC)Sc1c2ssc1=O,4.850349886901885
CHEMBL1428935,N#CC(C#N)=C1C=CC=CN1/C(=C\c1ccco1)C(=O)c1ccc(Cl)cc1,4.338338728909283
CHEMBL1319018,CN1CCN(c2ccc(S(=O)(=O)N3CCCCC3)cc2NC(=O)/C=C/c2ccc(Cl)c([N+](=O)[O-])c2)CC1,8.091946971907582
CHEMBL1477197,COCCN(CC(=O)NC1CCCCC1)C(=O)/C=C/C(=O)c1ccc(OC)cc1O,4.749067929799886
CHEMBL1967436,CCCCCOc1ccc(Br)cc1/C(C)=N/NC1=NCCN1,8.091946971907582
CHEMBL1967952,CCN(CC)CCN1C(=O)/C(=C\c2ccc(Cl)c([N+](=O)[O-])c2)S/C1=N\c1ccc(OC)cc1,8.092724551353724
CHEMBL2373614,CC1=C(CO)C(=O)OC([C@@H](C)C2CC[C@H]3C4C[C@H]5O[C@]56[C@@H](O)C=CC(=O)[C@]6(C)C4CC[C@]23C)C1,8.091905237954924
CHEMBL1967856,CS(=O)(=O)c1ccc(C(=O)OCC(=O)N2CCN(CCC3CCCCC3)CC2)cc1[N+](=O)[O-].O=C(O)C(F)(F)F,4.9338605071293005
CHEMBL1411388,CC(=O)Nc1ccc(S(=O)(=O)N2c3ccccc3C(C)=CC2(C)C)cc1,8.091905240857747
CHEMBL1613445,CCc1ccc2nc(N(CCCN(C)C)C(=O)c3ccc(S(=O)(=O)N4CCc5ccccc5C4)cc3)sc2c1.Cl,8.091946978359028
CHEMBL1474947,O=C(Cn1ncc(Cl)c(Cl)c1=O)Nc1ccc2c(c1)OCO2,8.092724551353724
CHEMBL1535938,COc1ccc(CC2=CC(=O)c3ccccc3C2=O)cc1,8.077471445591199
CHEMBL2130991,CCOC(=O)[C@]12Cc3ccc(C)cc3[C@H]1N(C1CCCCC1)C(=O)c1cc(OC)ccc12,4.718625697644953
CHEMBL1698845,CCN(CC)c1ccc(C(=C2C=CC(=[N+](CC)CC)C=C2)c2ccc(N(CC)CC)cc2)cc1.[Cl-],4.9663752287807394
CHEMBL1723607,O=C(Cn1sc2ccccc2c1=O)Nc1ccc(Br)cc1,8.091905237954924
CHEMBL1864580,O=c1ccc2ccccc2c2ccccc12,8.077468794321408
CHEMBL2134789,CCOC(=O)[C@]12Cc3cc(Cl)ccc3[C@H]1N(C1CCCCC1)C(=O)c1cc(OC)ccc12,4.774458122812769
CHEMBL1504283,O=C(Nc1ccc(F)cc1)c1nn(-c2ccccc2)c(=O)cc1Cl,8.091946971907582
CHEMBL1864760,C#CCN(C[C@@H]1[C@@H](OC(=O)NCc2ccccc2F)[C@@H](OC(=O)NCc2ccccc2F)Cn2c(=O)ccc(=O)n21)S(=O)(=O)c1ccc(C)cc1,8.092724551353724
CHEMBL1709419,O=C(Cn1sc2ccccc2c1=O)Nc1ccc(F)cc1,4.713476168184495
CHEMBL1464798,Cc1cccc(CS(=O)(=O)c2ncc(Cl)c(C(=O)NCc3ccc4c(c3)OCO4)n2)c1,4.6747512347124625
CHEMBL607553,Cc1cccc(-n2ncc(Cl)c(Cl)c2=O)c1,8.366252681921297
CHEMBL1531245,CCCCn1c(=O)[nH]c(=O)c2c1nc(Cn1ncc(Cl)c(Cl)c1=O)n2CCC,8.091946971907582
CHEMBL1346587,COc1ccc(-c2cc(N)n(S(=O)(=O)c3c(F)c(F)c(F)c(F)c3F)n2)cc1OC,4.465009865841248
CHEMBL1361740,CCn1nc(C)cc1-c1nnc(Sc2ncc([N+](=O)[O-])s2)n1C,8.092724686549964
CHEMBL1973156,O=C(/C=C1\C(=O)Nc2ccccc21)/C=C1\C(=O)Nc2ccccc21,4.54361878201468
CHEMBL1443188,CN(CC(=O)Nc1ccccc1Cl)C(=O)COC(=O)c1nc(Cl)c(Cl)c(Cl)c1Cl,8.091946971907582
CHEMBL1361913,O=C(c1ccccc1)c1ccccc1N1C(=O)C=CC1=O,4.808465152993216
CHEMBL1585742,O=C(NCc1ccc2c(c1)OCO2)c1nc(S(=O)(=O)Cc2ccccc2)ncc1Cl,4.487649188930125
CHEMBL1343392,Cc1ccc(C(=O)OCn2ncc(Cl)c(Cl)c2=O)cc1,8.077471445591199
CHEMBL327502,COc1ccc(-n2sc3ccccc3c2=O)cc1,4.568009374213859
CHEMBL1700000,Cn1cnc([N+](=O)[O-])c1S(=O)(=O)Oc1cccc2ccccc12,8.366198959901956
CHEMBL1974389,CC1=C(C)/C(=N\OS(=O)(=O)c2ccc(C)cc2)C=CC1=O,4.508512238970173
CHEMBL1397665,Clc1nssc1=Nc1nncs1,8.091946978359333
CHEMBL1710136,Cc1cc2[nH]c3c4ccccc4nc(C)c3c2cc1C,4.626517899811021
CHEMBL1333510,O=C(Nc1ccccc1)c1nnsc1S(=O)(=O)c1ccc(Cl)cc1,4.725288085832035
CHEMBL509617,CC1CC(C)(O)CC(C(O)CC2CC(=O)NC(=O)C2)C1=O,4.303774705843878
CHEMBL1508121,O=C1C=C(c2ccccc2)C(=O)N1Nc1ccccc1,4.728716134741232
CHEMBL1579152,N#CC(C#N)=C1C=CC=CN1/C(=C\c1ccco1)C(=O)c1ccc(-c2ccccc2)cc1,8.09272462511387
CHEMBL1700347,CC1=CC2OC3CC4OC(=O)C=CC=CC(=O)OCCC(C)C(O)C(=O)OCC2(CC1O)C4(C)C31CO1,4.303390273903679
CHEMBL1897634,C=C1C(=O)[C@]23C[C@H]1CCC2[C@@]1(C)C(C[C@@H]3O)[C@](C)(C(=O)OC)CC[C@@H]1O,4.616507783167389
CHEMBL213580,COc1ccc([N+](=O)[O-])c(S(=O)(=O)c2ccccc2)n1,8.077471720020005
CHEMBL1720128,Cc1ccc(NC(=O)Cn2sc3ccccc3c2=O)cc1,4.752812609413646
CHEMBL1465409,CCC(=O)Nc1ccc(C(=O)Cn2ncc(Cl)c(Cl)c2=O)cc1,8.077471720020005
CHEMBL1317758,COc1ccc(OC)c2sc(N(CCCN(C)C)C(=O)CCS(=O)(=O)c3ccccc3)nc12.Cl,4.4938062558607506
CHEMBL1450616,O=C1CC(Sc2nnnn2-c2ccccc2)C(=O)N1c1cccc(Cl)c1,4.8983560145096865
CHEMBL1710429,Cc1[nH]c2ccccc2c1C1=CC(=O)C=CC1=O,4.700558079197908
CHEMBL1306900,COc1cccc2sc(N(CCCN(C)C)C(=O)CCS(=O)(=O)c3ccccc3)nc12,4.765356192238231
CHEMBL1710471,Cl.O=C1/C(=C/c2ccccc2)CN(C(=O)CCN2CCOCC2)C/C1=C\c1ccccc1,8.366152235280596
CHEMBL1468847,O=C(Cn1ncc(Cl)c(Cl)c1=O)c1ccc(Cl)cc1,8.091946971907582
CHEMBL1531308,O=C(C#Cc1ccccc1)c1ccco1,8.091946978359333
CHEMBL1310644,Cc1cc(N2CCOCC2)ccc1/C=C\[N+](=O)[O-],4.303573710335903
CHEMBL1719994,Cl.O=C1/C(=C\c2ccc(Cl)c(Cl)c2)CN(C(=O)CCN2CCOCC2)C/C1=C/c1ccc(Cl)c(Cl)c1,4.502904411219715
CHEMBL1572920,CC(=O)N1CCN(c2ccc(NC(=O)c3ccc([N+](=O)[O-])o3)cc2Cl)CC1,8.091946971907582
CHEMBL1566706,O=[N+]([O-])/C=C/c1cn(Cc2ccc(Cl)cc2)c2ccccc12,8.09194921161011
CHEMBL1465592,CC(C)(C)C(=O)/C(=C\c1cccc([N+](=O)[O-])c1)n1cncn1,8.091905240065953
CHEMBL1710798,CC(=O)Nc1ccc2sn(-c3ccccc3)c(=O)c2c1,4.630320400440184
CHEMBL1453089,O=[N+]([O-])/C=C/c1ccc2c(ccn2Cc2ccccc2)c1,4.522690591768496
CHEMBL1458726,Cc1cc(SC#N)cc(C)c1NC(=O)CCl,8.09194921161011
CHEMBL1606613,COc1ccccc1-c1cc(C(F)(F)F)nc(S(C)(=O)=O)n1,8.091946971907582
CHEMBL1878035,O=C1C(=C(c2ccccc2)N2CCOCC2)Cc2ccccc21,8.077469479726856
CHEMBL1720897,CN(C)CCC(=O)N1C/C(=C/c2ccccc2)C(=O)/C(=C\c2ccccc2)C1.Cl,4.3038096710820595
CHEMBL1586425,CNC(=O)c1nnsc1S(=O)(=O)c1ccc(Cl)cc1,4.945195499779045
CHEMBL1319618,O=c1c(Cl)c(Cl)cnn1Cc1nnc(-c2ccccc2Br)o1,8.091946971907582
CHEMBL1573201,O=[N+]([O-])/C=C\c1ccc(N2CCOCC2)cc1,8.09272462511387
CHEMBL2139295,CCOC(=O)[C@]12Cc3cc(C)ccc3[C@H]1N(C1CCCCC1)C(=O)c1ccccc12,4.40899107532269
CHEMBL1867341,O=[N+]([O-])c1ccc(Sc2ccncn2)c([N+](=O)[O-])c1,4.303451410772656
CHEMBL1441181,CNC(=O)COC(=O)c1ccccc1C(=O)c1ccc(Cl)c([N+](=O)[O-])c1,8.366194553831555
CHEMBL1720734,C=CC(=O)N1C/C(=C/c2ccc(Cl)cc2)C(=O)/C(=C\c2ccc(Cl)cc2)C1,8.091946971907582
CHEMBL1517381,O=C(NCCN1C(=O)S/C(=C\c2ccc(Cl)c([N+](=O)[O-])c2)C1=O)C1=COCCO1,8.091946971907582
CHEMBL1303914,COc1ccc(C2=CC(=O)N(Nc3ccccc3)C2=O)cc1,8.077469936767567
CHEMBL1566835,COc1cc2c(cc1/C=C/[N+](=O)[O-])OCO2,8.366172517503982
CHEMBL1981797,CC1=CC(=O)C(C(C)C)=C/C1=N/OS(=O)(=O)c1ccccc1,8.091946971907582
CHEMBL1364723,CC1=C(C)C[S+]([O-])N(S(=O)(=O)c2ccc(Cl)cc2)C1,4.589121583579914
CHEMBL1544131,Cc1ccc(-n2ncc(Br)c(Br)c2=O)cc1,8.091946978359028
CHEMBL1731017,CCN(CC)CCC(=O)N1C/C(=C/c2ccccc2)C(=O)/C(=C\c2ccccc2)C1.Cl,8.077469936767567
CHEMBL1702031,CC(C)(C)NCC(=Cc1ccccc1)C(=O)c1ccccc1,4.302326125413991
CHEMBL610198,O=c1c(Cl)c(Cl)cnn1-c1ccccc1,8.09272456610897
CHEMBL1878940,N#CC1c2ccccc2-n2nncc2CN1Cc1cc(Cl)cc(Cl)c1,8.091946971907582
CHEMBL1730870,CC(=O)Oc1ccccc1C(=O)C=Cc1cccc([N+](=O)[O-])c1,8.366190147362886
CHEMBL126602,O=C1Nc2ccccc2/C1=C\C(=O)c1ccccc1,8.09194921161011
CHEMBL1311185,O=C(Nc1ccccc1)C1=C(c2ccccc2)S(=O)(=O)CCS1(=O)=O,8.091905240857747
CHEMBL3392492,CC(OC(=O)c1ccc(S(C)(=O)=O)c([N+](=O)[O-])c1)C(=O)NC1C2CC3CC(C2)CC1C3,8.091946971907582
CHEMBL1414311,COc1nn(-c2ccccc2)c(=O)c(Cl)c1Cl,8.366190147362886
CHEMBL2139498,CCOC(=O)[C@]12Cc3cc(OC)ccc3[C@H]1N(C1CCCCC1)C(=O)c1cc(OC)ccc12,8.09194685170209
CHEMBL1544423,CCc1ccc2c(c1)/C(=C/C(=O)c1cccs1)C(=O)N2,8.091946978359028
CHEMBL1370704,Cc1cc(C)c2c(=O)n(CC(=O)Nc3ccc(Cl)cc3)sc2n1,4.626885618796542
CHEMBL1556661,CC(C)(C=O)C1=CC(=O)c2ccccc2C1=O,4.939831188054852
CHEMBL1731349,C=CC(=O)N1C/C(=C/c2ccc(F)cc2)C(=O)/C(=C\c2ccc(F)cc2)C1,8.366154881266642
CHEMBL1712082,CC1=C(O)C(=O)C=C2C1=CC=C1C2(C)CCC2(C)C3CC(C)(C(=O)O)CCC3(C)CCC12C,4.418653473185378
CHEMBL1423626,C=CCn1c(O)nnc1Sc1ncc([N+](=O)[O-])s1,4.376998948809717
CHEMBL1423567,COc1cc(/C=C/[N+](=O)[O-])ccc1OC(=O)c1cccnc1,8.091946978359333
CHEMBL1509181,COc1ccc(OC)c2sc(N(CCN(C)C)C(=O)/C=C/c3cccs3)nc12.Cl,4.303591184513865
CHEMBL3195455,COc1ccc(/N=C2\S/C(=C\c3ccc(Cl)c([N+](=O)[O-])c3)C(=O)N2CCN(C)C)cc1.Cl,8.09194685170209
CHEMBL1459140,CC(C)(C)C(=O)/C(=C/c1cccc([N+](=O)[O-])c1)n1cncn1,8.091946971907582
CHEMBL1889898,C=C1C(=O)[C@]23C[C@H]1CCC2[C@@]1(C)C(C[C@@H]3O)[C@](C)(C(=O)OC)CC[C@@H]1OC(C)=O,4.743715321515839
CHEMBL1703200,O=c1c2ccc(F)cc2sn1-c1ccccc1,4.630635691218765
CHEMBL2143481,CCOC(=O)[C@]12Cc3c(cc(OC)c(OC)c3OC)[C@H]1N(C1CCCCC1)C(=O)c1ccccc12,4.593698321229225
CHEMBL1889303,C=C1C(=O)[C@]23C[C@H]1CC[C@H]2[C@]1(C)[C@@H](OC(C)=O)CC[C@@](C)(C(=O)OC)[C@H]1C[C@@H]3OC(C)=O,8.366252681921297
CHEMBL1359902,COc1ccc(C(=O)/C=C/C(=O)N(CC(=O)NC2CCCCC2)CC2CCCO2)c(O)c1,4.700514492838788
CHEMBL1561395,O=C1N/C(=C/c2ccc(N3CCOCC3)o2)C(=O)N1c1cccc(Cl)c1,4.671579619651049
CHEMBL1374957,C=CCOc1cccc(C(=O)/C=C2/C(=O)Nc3ccccc32)c1,8.091905240065953
CHEMBL1307636,O=S(=O)(c1cnc(Cl)c(Br)c1)N1CCc2ccccc21,8.091946971907582
CHEMBL1702693,CN(C)CCC(=O)C(Cc1ccccc1)c1ccccc1.Cl,8.077469936767567
CHEMBL1370977,Cc1cc(N2CCN(C)CC2)ccc1NC(=O)c1c2c(nc3ccccc13)CCN(Cc1ccccc1)C2,4.909036923404268
CHEMBL1384167,Cc1ccccc1Oc1cc(-n2ncc(Cl)c(Cl)c2=O)ncn1,8.091905240065953
CHEMBL1445650,COc1cc(NS(=O)(=O)c2ccc(C)cc2)c2ncccc2c1,8.091905237954924
CHEMBL1502104,C=CCN1C(=O)/C(=C2/C(=O)Nc3ccccc32)c2ccccc21,4.303399007215199
CHEMBL1548439,Cc1cccc(C)c1NC(=O)c1nc(S(=O)(=O)Cc2ccccc2)ncc1Cl,8.09194921161011
CHEMBL2132689,CCCCCN1C(=O)c2cc(OC)ccc2[C@@]2(C(=O)OCC)Cc3cc(Cl)ccc3[C@@H]12,4.726813468476525
CHEMBL1605956,CCOC(=O)c1ccc(NC(=O)Cn2ncc(Cl)c(Cl)c2=O)cc1,8.09194685170209
CHEMBL1712850,O=C(Cn1ncc(Cl)c(Cl)c1=O)NC(=O)NC1CCCCC1,8.091946978359028
CHEMBL1520247,Cc1noc2ncnc(Sc3ccccc3Cl)c12,8.091905240065953
CHEMBL1447796,O=c1oc(-c2ccccc2)cc(Cl)c1Cl,8.09272456610897
CHEMBL1362660,COc1cc(OC)nc(-n2ncc(Br)c(Br)c2=O)n1,8.091946978359028
CHEMBL1988648,CC1OC2CC(=O)OC2C2=C1C(=O)c1c(O)cccc1C2=O,4.4181185786418125
CHEMBL599098,O=[N+]([O-])c1cc(Br)c(Nc2ccccc2)c([N+](=O)[O-])c1,8.091946971907582
CHEMBL1580134,COc1ccc(C(=O)/C=C2/C(=O)Nc3ccccc32)c(OC)c1,8.09194921161011
CHEMBL1722641,CC(=O)OC1C(O)C(C)OC(OC2C(OC(=O)C3CCC4C(C3)OC3(CC(OC(=O)/C=C/c5ccccc5)C(C)CO3)C43CO3)OC(C)C(O)C2OC(C)=O)C1O,8.091946971907582
CHEMBL1544797,COc1ccc(/C=C2\CN(Cc3ccccc3)C/C(=C\c3ccc(OC)c(O)c3)C2=O)cc1O,8.091905240857747
CHEMBL1990598,CN1C2CCC1/C(=C/c1ccccn1)C(=O)/C2=C\c1ccccn1,8.077471720020005
CHEMBL1520143,O=c1c2ccccc2sn1-c1ccc(F)cc1,4.529839513473428
CHEMBL367376,O=C1NC2C(=CC(O)C(O)C2O)c2cc3c(c(O)c21)OCO3,8.366191909998152
CHEMBL1881880,CC(=O)ON=C1C=CC(=C(C#N)c2ccccc2)C=C1,8.366239477076219
CHEMBL1541441,COC(=O)[C@@H]1[C@@H](C(=O)OC)C2(c3ccccc3-c3ccccc32)N(c2ccc(Cl)cc2)N1C#N,8.091946971907582
CHEMBL1334550,Cc1cccc(CS(=O)(=O)c2ncc(Cl)c(C(=O)NCc3ccccc3)n2)c1,4.911332447457595
CHEMBL1375338,CS(=O)(=O)c1nc(-c2ccc(F)cc2)cc(C(F)(F)F)n1,4.75109534943832
CHEMBL1703892,O=C1/C(=C\c2ccc([N+](=O)[O-])cc2)CS(=O)(=O)C/C1=C/c1ccc([N+](=O)[O-])cc1,4.438922479340697
CHEMBL1571290,O=C(NCc1cccnc1)/C(=C\c1ccc(-c2cccc(Cl)c2)o1)S(=O)(=O)c1ccccc1,8.091946971907582
CHEMBL1456324,CC(C)(C)[C@H](N)C(=O)N[C@H]1CCC2C3CC=C4C[C@@H](O)CC[C@]4(C)C3CC[C@@]21C,4.710009933945681
CHEMBL1881622,Cn1cnc([N+](=O)[O-])c1S(=O)(=O)Oc1ccc(Cl)cc1,4.303407740702342
CHEMBL1352171,Cc1ccc(-n2nc3c(N4CCC(C(=O)NCc5ccccc5C)CC4)nnc(C)c3c2C)cc1,4.791343699492752
CHEMBL1365425,Cc1noc2ncnc(Sc3c(Cl)cccc3Cl)c12,8.091946971907582
CHEMBL1703795,CC(=O)OCC12CC(OC(=O)CC(C)C)C(C)=CC1OC1C(O)C(OC(C)=O)C2(C)C12CO2,8.077469479726856
CHEMBL1583665,CCOc1ccc(/C=C/[N+](=O)[O-])c2ccccc12,4.365250751192334
CHEMBL598263,COc1ccc(CC2NCC(O)C2OC(C)=O)cc1,8.09194921161011
CHEMBL1901984,C=C1C(=O)[C@]23C[C@H]1CCC2[C@]1(C)CCC[C@@](C)(C(=O)O)C1C[C@@H]3O,8.092724686549964
CHEMBL1431608,Cc1ccc(S(=O)(=O)c2ccc([N+](=O)[O-])cn2)cc1,8.077468794321408
CHEMBL1505902,Cc1nc2c(=O)n(C)c(=O)n(C)c2nc1Cl,8.077469479726856
CHEMBL1713955,CC(=O)OC1C2(CC3N4C(=O)C5(CO)SSC4(CC31O)C(=O)N5C)OC(C)C(C)(C)C2=O,8.091946978359333
CHEMBL582983,CC(=O)OC1(C)CC(C)C(=O)C(C(O)CC2CC(=O)NC(=O)C2)C1,8.09272462511387
CHEMBL1228,CCCCC1C(=O)N(c2ccccc2)N(c2ccc(O)cc2)C1=O,4.361061705112645
CHEMBL423192,COc1ccc(C[C@H]2NC[C@H](O)[C@H]2OC(C)=O)cc1,8.091946971907582
CHEMBL523200,O=[N+]([O-])c1ccc(Sc2nc3ccccc3o2)c([N+](=O)[O-])c1,8.091946971907582
CHEMBL1705207,O=C(Cn1sc2ccccc2c1=O)Nc1ccc(Cl)cc1,8.091946978359028
CHEMBL1490225,O=[N+]([O-])c1cc(S(=O)(=O)N2CCCCCC2)ccc1F,8.091905240065953
CHEMBL1402332,COc1ccc(CNC(=O)c2nc(S(=O)(=O)Cc3ccccc3)ncc2Cl)cc1,4.677884121026041
CHEMBL1724428,CC1=CC2OC3CC4OC(=O)/C=C\C=CC(C(C)O)OCC(O)C(C)CC(=O)OCC2(CC1O)C4(C)C31CO1,8.091946971907582
CHEMBL2144242,CCOC(=O)[C@]12Cc3cc(C)ccc3[C@H]1N(C1CCCCC1)C(=O)c1cc(OC)ccc12,4.713386368342996
CHEMBL260148,CC(C)[C@H](NC(=O)OC(C)(C)C)c1nnc(S(=O)(=O)Cc2c(F)cccc2Cl)o1,4.979555844633426
CHEMBL1520753,O=[N+]([O-])c1ccc(S(=O)(=O)c2ccccc2)nc1,8.092724551353724
CHEMBL1714827,CC(=O)O[C@H]1C[C@@H]2OC3C=C(C)CCC3(C)[C@@]1(C)[C@@]21CO1,8.091946978359333
CHEMBL1604546,CC1(C)CC(=O)C2=C(C1)OC1=C(C(=O)CC(C)(C)C1)C2c1ccc(O)cc1O,8.366191909998152
CHEMBL1705093,CCOC(=O)c1cc([N+](=O)[O-])cc([N+](=O)[O-])c1Sc1[nH]cnc2ncnc1-2,8.366152235280596
CHEMBL1308404,O=[N+]([O-])c1c(Nc2ccc(O)cc2)cc(Cl)c2nonc12,5.22337144657985
CHEMBL1871738,Cl.O=C1/C(=C\c2ccccc2)CN(C(=O)CCN2CCCCC2)C/C1=C/c1ccccc1,8.09272462511387
CHEMBL2140569,CCOC(=O)[C@]12Cc3cc(Cl)ccc3[C@H]1N(C(C)C)C(=O)c1ccccc12,4.34459261650277
CHEMBL1308497,O=C(Nc1ccc2nc3n(c(=O)c2c1)CCCCC3)c1c(F)ccc([N+](=O)[O-])c1F,8.09194685170209
CHEMBL1301723,N#CC(C#N)=C1C=CC=CN1/C(=C\c1ccco1)C(=O)c1ccccc1,8.091946971907582
CHEMBL1612634,COc1ccc(C(C[N+](=O)[O-])n2nc(C)cc2C)cc1,8.091946971907582
CHEMBL1338958,CC[C@@H](C)[C@H](NC(=O)OC(C)(C)C)c1nnc(S(=O)(=O)Cc2cc(C)ccc2C)o1,4.818042139068933
CHEMBL1460167,C=CCOc1ccccc1C(=O)/C=C1/C(=O)Nc2ccccc21,8.366172517503982
CHEMBL1372112,Cl.O=C(c1ccc(Br)cc1)C(CN1CCOCC1)c1ccccc1,8.091946971907582
CHEMBL1724645,C=C1C(=O)C23CCC4C(C)(C(=O)OC)CCCC4(C)C2CCC1(O)C3,4.329893366187175
CHEMBL1705256,COc1ccc(CC2C(=O)NC(C)C(=O)N(C)C3Cc4ccc(cc4)Oc4cc(ccc4O)CC(C(=O)NC(C)C(=O)NC(C)C(=O)N2C)N(C)C3=O)cc1,8.091946971907582
CHEMBL1353015,O=C(Cn1ncc(Cl)c(Cl)c1=O)NCC1CCCCC1,8.091946971907582
CHEMBL2144540,CCOC(=O)[C@]12Cc3cc(Cl)ccc3[C@H]1N(C1CCCCC1)C(=O)c1ccccc12,4.700144185295732
CHEMBL1510664,ClC(Cl)(c1nnnn1-c1ccccc1)c1nnnn1-c1ccccc1,4.780232155341602
CHEMBL2137334,CCOC(=O)[C@]12Cc3c(cc(OC)c(OC)c3OC)[C@H]1N(C1CCCCC1)C(=O)c1cc(OC)ccc12,8.091946971907582
CHEMBL1529115,Cc1ccc(NC(=O)C2=C(c3ccccc3)S(=O)(=O)CCS2(=O)=O)cc1,8.091946971907582
CHEMBL1370681,COC(=O)CCS(=O)(=O)c1nc(-c2ccccc2)cc(C(F)(F)F)n1,4.785447544765755
CHEMBL1895152,Cc1c(C(=O)Nc2ccccc2)c2ccc(C(F)(F)F)cc2n1O,4.711259061205713
CHEMBL1353194,COc1ccc(-c2cc(C(F)(F)F)nc(S(C)(=O)=O)n2)cc1,8.091946978359333
CHEMBL2144534,CCOC(=O)[C@]12Cc3cc(OC)ccc3[C@H]1N(C1CCCCC1)C(=O)c1ccccc12,8.09194685170209
CHEMBL1735539,CCOC(=O)c1c(SCCN2CCCC2)n(-c2ccccc2)c(=S)n(-c2ccccc2)c1=O,8.091946978359028
CHEMBL1520801,Cc1nc([N+](=O)[O-])c(Br)n1Cc1ccc(Cl)c(Cl)c1,8.091946971907582
CHEMBL1904111,CCSc1ccc(-c2cc(NC=O)c3ncc(-c4cccc(C(=O)NCCN(C)C)c4)n3c2)cc1,8.32800334769943
CHEMBL45152,O=c1c2ccccc2sn1-c1ccccc1,4.779003302852631
CHEMBL1342053,CCn1c(=O)c([N+](=O)[O-])c(Cl)c2ccccc21,8.366194553831555
CHEMBL1405717,N#C/C(C(=O)Nc1ccc(Cl)cc1)=C(/S)Nc1ccccc1,8.091946971907582
CHEMBL1323536,O=C(NCc1cccnc1)/C(=C\c1ccc(-c2ccc(Br)cc2)o1)S(=O)(=O)c1ccccc1,8.091946971907582
CHEMBL2001648,CC(=O)OC1CC2OC3C=C(C)CCC3(C)C1(C)C21CO1,8.091946971907582
CHEMBL309016,COc1cc(/C=C/[N+](=O)[O-])ccc1O,8.092724686549964
CHEMBL535307,CCC1CN2CCc3cc(OC)c(OC)cc3C2CC1CC1NCCc2c1[nH]c1ccc(O)cc21,8.092724686549964
CHEMBL3190145,O=C(CN1CCN(S(=O)(=O)c2ccc(Br)cc2)CC1)N/N=C/c1ccc(Cl)c([N+](=O)[O-])c1,8.365301640910578
CHEMBL1314602,COc1ccc(-n2sc3ccc(F)cc3c2=O)cc1,4.701103278096874
CHEMBL1447306,CC1=NNC(=O)/C1=C\c1cn(-c2ccccc2)nc1-c1ccccc1,8.091946971907582
CHEMBL309474,C=C1CC(Cn2cc(Br)c(=O)[nH]c2=O)(c2ccc(-c3ccccc3)cc2)OC1=O,4.913782584306657
CHEMBL578929,CC1CC(C)CC(C)C(O)C(C#N)=CC=CCC(C2CCCC2C(=O)O)OC(=O)CC(O)C(C)C1,8.366239477076219
CHEMBL1550406,CCOc1cc(/C=C2\COc3ccccc3C2=O)cc(Br)c1OCC(=O)N(C)C,8.091946971907582
CHEMBL1424951,CC(NC(=O)CN(c1cccc(C(F)(F)F)c1)S(=O)(=O)c1ccc(Cl)c([N+](=O)[O-])c1)c1ccccc1,8.091946971907582
CHEMBL1382215,Cc1cc(Br)ccc1NC(=O)CNC(=O)Cn1ncc(Cl)c(Cl)c1=O,8.09272456610897
CHEMBL1712120,O=S(=O)(Nc1ccc(C(O)(C(F)(F)F)C(F)(F)F)cc1)c1ccc(Cl)c2nonc12,4.380541431005684
CHEMBL1726134,O=C1C(=C(I)I)c2ccccc2-c2ccccc21,4.303468880030393
CHEMBL1533279,O=C1C=C(c2ccc(Cl)cc2)C(=O)N1Nc1ccccc1,4.886591493181824
CHEMBL1451470,O=C(NCc1cccnc1)/C(=C\c1ccc(-c2ccc(Cl)c(Cl)c2)o1)S(=O)(=O)c1ccccc1,4.573781620167422
CHEMBL1883309,CC(=O)OC1CCC2(C)C(CCC3C4CC=C(C(C)=O)C4(C)OC(=O)CC32)C1,8.091946971907582
CHEMBL1540377,O=C(Cn1ncc(Cl)c(Cl)c1=O)N1CCN(S(=O)(=O)c2ccc3ccccc3c2)CC1,8.091946971907582
CHEMBL1530173,Cc1cccc(C(=O)Nc2ccc(C(=O)/C=C/c3ccncc3)cc2)c1,8.091946971907582
CHEMBL1403329,Cn1ccnc1Sc1cc(NCCCO)c([N+](=O)[O-])c2nonc12,4.739475464157774
CHEMBL1500335,Cc1ccc(NC(=O)CN(C)C(=O)Cn2ncc(Cl)c(Cl)c2=O)cc1,8.091946971907582
CHEMBL1385771,CCc1ccc(C(=O)Cn2ncc(Cl)c(Cl)c2=O)cc1,8.09194685170209
CHEMBL1305960,O=C(CN(c1cccc(C(F)(F)F)c1)S(=O)(=O)c1ccc(Cl)c([N+](=O)[O-])c1)NCc1ccc(F)cc1,8.091905237954924
CHEMBL1736490,COC(=O)C1=C(C(=O)OC)C2OC1c1cc3ccccc3cc12,4.993533957750768
CHEMBL1726534,C=CC(=O)N1C/C(=C/c2ccccc2)C(=O)/C(=C\c2ccccc2)C1,4.3026747393332165
CHEMBL1521259,O=C(/C=C/c1ccc(Cl)c([N+](=O)[O-])c1)c1ccc(O)cc1,8.091905237954924
CHEMBL1348057,O=C(NCc1cccnc1)/C(=C/c1ccc(-c2ccc(Cl)cc2)o1)S(=O)(=O)c1ccccc1,8.091905240857747
CHEMBL1535665,CCOC(=O)C1CCN(S(=O)(=O)c2c(Cl)ccc3nonc23)CC1,4.572124563686834
CHEMBL1542862,Cc1ccc(C(=O)c2c(C)oc3c2C(=O)C(=O)c2ccccc2-3)cc1,8.366154881266642
CHEMBL1447783,O=C(Nc1cccc(N2C(=O)C=CC2=O)c1)c1cccs1,4.850904108932028
CHEMBL1374860,CC1=CC(=O)C=C(C)C1=NOS(=O)(=O)c1ccccc1,8.091946971907582
CHEMBL1546134,CC1=NNC(=O)/C1=C\c1cn(-c2ccccc2)nc1-c1cccs1,8.091946971907582
CHEMBL1727091,C=C1C(=O)C23C(O)C1CCC2C12CCCC(C)(COC(C)=O)C1C(O)C3(O)OC2,4.654704704420699
CHEMBL1309228,CS(=O)(=O)c1ccc(C(=O)OCc2nnc(-c3ccccc3)o2)cc1[N+](=O)[O-],8.091946971907582
CHEMBL1401040,Cc1ccc(NC(=O)Cn2ncc(Cl)c(Cl)c2=O)cc1S(=O)(=O)N1CCCCC1,8.091946971907582
CHEMBL1736766,O=C1NC2C(O)C(O)C(O)C(O)C2c2cc3c(c(O)c21)OCO3,8.077468794321408
CHEMBL1578600,Oc1nc2c(s1)C(c1cccnc1)C1C3CCC(C3)C1S2,4.221848749616356
CHEMBL1578600,Oc1nc2c(s1)C(c1cccnc1)C1C3CCC(C3)C1S2,6.651695136951839
CHEMBL58,O=C1c2c(O)ccc(O)c2C(=O)c2c(NCCNCCO)ccc(NCCNCCO)c21,6.200659450546418
CHEMBL58,O=C1c2c(O)ccc(O)c2C(=O)c2c(NCCNCCO)ccc(NCCNCCO)c21,4.251811972993799
CHEMBL1425421,Cc1cc(OCc2cc(C(=O)O)oc2C)c2c3c(c(=O)oc2c1)CCCC3,5.828273546346769
CHEMBL1591156,Cc1cc(=O)oc2c3c(cc(OCC(=O)N4CCC[C@H]4C(=O)O)c12)OC(C)(C)CC3,4.8170150329964185
CHEMBL1448093,O=C1Nc2cc(C(=O)N3CCC(N4CCCCC4)CC3)ccc2S/C1=C\c1ccccc1,4.858017484447196
CHEMBL1578600,Oc1nc2c(s1)C(c1cccnc1)C1C3CCC(C3)C1S2,7.2648004515776865
CHEMBL1447888,COc1ccc2[nH]c(C(=O)O)c(CCN3C(=O)c4ccc(C(=O)O)cc4C3=O)c2c1,5.8449677712090296
CHEMBL1574794,Cc1c(C)c2ccc(OCC(=O)N3CCC[C@@H]3C(=O)O)c(C)c2oc1=O,5.216596718877437
CHEMBL1346167,O=C(CSc1nnc(NC(=O)c2cccc(F)c2)s1)NCc1ccco1,8.091946971907582
CHEMBL1415903,Sc1nnc(-c2ccccc2)n1C1C=CCCC1,4.526250342986522
CHEMBL3194647,O=[N+]([O-])c1ccccc1/C=C/C=N/n1c(S)nnc1-c1ccccc1F,8.091946971907582
CHEMBL1358969,O=C(CSc1nnc(NC(=O)C2CC2)s1)NCc1ccccc1Cl,4.776659841121623
CHEMBL1422515,CC1CCCC(C)N1C(=O)CSc1nnc(NC(=O)c2cccs2)s1,4.9299621333922445
CHEMBL1596878,CC1=C(C(=O)O)N2C(=O)C(NC(=O)c3nn(C)cc3[N+](=O)[O-])C2SC1,4.69712816393231
CHEMBL1378904,O=C(CSc1nnc(NC(=O)c2ccccc2[N+](=O)[O-])s1)NCc1ccco1,5.159392120990709
CHEMBL1464897,CCCn1c(S)nnc1C(C)C,8.301632906477197
CHEMBL1373572,COc1ccc(-c2cc(C(F)(F)F)nc(N3CCN(C)CC3)n2)cc1,8.091946971907582
CHEMBL1445447,Sc1nnc(C2CC2)n1Cc1ccco1,5.030490901403433
CHEMBL1299716,Cc1n[nH]c(C)c1CCCCOc1ccc([N+](=O)[O-])cc1,4.799450439859226
CHEMBL1555759,CCCc1cc(=O)oc2c3c(cc(OCC(=O)N[C@@H](C)C(=O)O)c12)OC(C)(C)CC3,4.6715592326315925
CHEMBL1540042,CCCCn1c(S)nnc1-c1ccoc1C,4.810874793074472
CHEMBL1438203,Cc1ccc(-c2c(C(=O)O)c(C(=O)O)c3n2CSC3)cc1,5.003751085430868
CHEMBL1558250,CCCCn1c(S)nnc1-c1nn(C)c(C)c1Cl,5.270187492839065
CHEMBL1554968,Cc1cc(OCC(=O)N2CCC[C@@H]2C(=O)O)c2c(C)c(C)c(=O)oc2c1,4.828653903312823
CHEMBL1324305,Cc1c(Cl)c(-c2nnc(S)n2-c2ccc(F)cc2)nn1C,4.8295035942551525
CHEMBL1379746,O=C(c1ccco1)N1N=C(c2ccc(Cl)cc2)CC1c1ccco1,5.136260892654783
CHEMBL1401466,O=C(C1=C(O)C(=O)N(Cc2cccnc2)C1c1ccccn1)c1ccccc1,5.301203748209569
CHEMBL1376656,O=C(CSc1nnc(NC(=O)c2ccccc2)s1)NCc1ccco1,8.091946971907582
CHEMBL1389969,Sc1nnc(-c2ccco2)n1Cc1ccccc1,8.284953235749757
CHEMBL1452412,Sc1nnc(-c2ccccc2)n1Cc1ccccc1,4.304527079535204
CHEMBL1419367,C=CCn1c(S)nnc1C1CC1,4.63548652630849
CHEMBL1445684,Sc1nnc(-c2ccc3ccccc3n2)n1-c1ccc2c(c1)OCCO2,4.2557852751858345
CHEMBL1340014,O=c1c2ccccc2cnn1Cc1nnc(S)n1C1CC2CCC1C2,4.3826431382906
CHEMBL1390220,CC(C)Cn1c(S)nnc1-c1ccco1,4.842271316288549
CHEMBL1455265,O=C(O)c1c(C(=O)O)c(-c2ccc(Br)cc2)n2c1CSC2,5.320844758716646
CHEMBL1516970,Sc1nnc(-c2cccs2)n1C1CCCCC1,5.174508970120569
CHEMBL3190779,CN(C)S(=O)(=O)c1cccc(NC(=S)N/N=C/C2CC=CCC2)c1,5.998266287190999
CHEMBL1498006,CC(C)(C)C(=O)Nc1nnc(CSCc2ccccc2F)s1,5.301812430133878
CHEMBL1573007,O=[N+]([O-])c1ccc(-c2ccccc2)c([As](=O)(O)O)c1,6.126098402135539
CHEMBL1458632,NC(=O)SCC(=O)Nc1ccccc1C(=O)O,4.908438551855028
CHEMBL1603777,CCOC(=O)c1[nH]c(C(=O)O)c(CCC(=O)OC)c1C,4.7460323365850385
CHEMBL3194162,O=C(O)c1cccc(NC(=S)N/N=C/c2ccccc2OCc2cccc(Br)c2)c1,5.038721320914957
CHEMBL1435494,Cc1cc(=O)oc2c3c(cc(OCC(=O)N[C@@H](Cc4ccccc4)C(=O)O)c12)OC(C)(C)CC3,4.6353739710449595
CHEMBL1527705,Oc1nc(SCc2nnc(S)n2-c2ccccc2)nc2sc3c(c12)CCC3,8.091946971907582
CHEMBL3196601,O=C(O)COc1ccccc1/C=N/n1c(S)nnc1C1CCCCC1,4.635692953418391
CHEMBL1579462,O=C(O)/C=C/c1nnc2c3ccccc3cnn12,4.85895805906095
CHEMBL3213100,COc1cc(OC)c(OC)cc1/C=N/NC(=O)CC1C(=O)NN=C1C,5.374790474618119
CHEMBL1368761,COc1cc2c(cc1OC)C(C)N(C(=O)c1nccnc1C(=O)O)CC2,4.835944708106548
CHEMBL1455686,CCn1c(S)nnc1-c1nn(-c2ccccc2)ccc1=O,4.526615228896229
CHEMBL1469441,O=C(O)c1[nH]c2ccc(Br)cc2c1CCN1C(=O)c2cccc([N+](=O)[O-])c2C1=O,5.703993330686328
CHEMBL1492629,Cc1ccc(S(=O)(=O)n2[nH]c(=O)cc2NC(=O)c2cccs2)cc1,6.3438922110183285
CHEMBL1410338,Cc1ccc(-c2nnc(S)n2-c2ccccc2)cc1,8.091946971907582
CHEMBL1534296,O=C(O)c1ccccc1Sc1ncnc2sc3c(c12)CCC3,4.980053318321158
CHEMBL3191768,COc1ccc(OC)c(/C=N/NC(=O)CC2C(=O)NN=C2C)c1,5.2143854750531755
CHEMBL1391244,CC(C)(C)c1ccc(-c2nnc(S)n2CCCN2CCOCC2)cc1,4.467220149937327
CHEMBL1597507,O=C(CCN1C(=O)/C(=C/c2ccccc2F)SC1=S)NCCCn1ccnc1,5.190171038932114
CHEMBL1414554,O=P(O)(O)c1ccccc1OCCCCCOc1ccccc1P(=O)(O)O,8.250224028951294
CHEMBL1423602,CSC[C@H](NC(=O)COc1cc2c(c3oc(=O)c(C)c(C)c13)CCC(C)(C)O2)C(=O)O,4.813326132500255
CHEMBL3197536,CCc1nnc(S)n1/N=C/c1ccc(NC(C)=O)cc1,5.199214209672237
CHEMBL1556501,CCOC(=O)N=S(N)(=O)c1ccccc1,4.909177836605344
CHEMBL1548211,COc1ccccc1C(=O)Nc1nnc(SCC(=O)NCc2ccco2)s1,8.284953235749757
CHEMBL1541211,COc1ccc(C(=O)C2=C(O)C(=O)N(Cc3ccco3)C2c2cc(OC)ccc2OC)cc1,4.892756102421026
CHEMBL1315870,CCCCc1cc(=O)oc2c3c(cc(OCC(=O)N4CCC[C@H]4C(=O)O)c12)OC(C)(C)CC3,4.5864823049599845
CHEMBL3199800,O=[N+]([O-])c1ccccc1/C=N/n1c(S)nnc1C(F)(F)F,8.298433851057679
CHEMBL1537904,O=C(O)CC/C(=C\c1cc([N+](=O)[O-])ccc1Cl)c1nc2ccccc2s1,4.87676922330149
CHEMBL1576713,Cn1c(S)nnc1-c1sccc1OCc1ccc(Cl)cc1Cl,8.285780669942016
CHEMBL1532258,COc1cccc(-n2c(S)nnc2CNC(=O)OC(C)(C)C)c1,4.803519832299852
CHEMBL1537972,O=C(CSc1nnc(NC(=O)c2cc(Br)ccc2Cl)s1)NCC1CCCO1,4.869280363437047
CHEMBL1587451,O=C(CSc1nnc(NC(=O)c2c(F)cccc2F)s1)NCc1ccccc1,5.033482823553208
CHEMBL1400031,Fc1ccccc1-c1nnc(S)n1Cc1ccccc1,4.812056470937473
CHEMBL1456096,Sc1nnc(-c2cccs2)n1Cc1ccccc1,5.388382889445664
CHEMBL1414683,CC(C)(C)C(=O)Nc1nnc(SCC(=O)NCc2cccs2)s1,5.581367312645934
CHEMBL1538097,Cc1ccc(-n2c(S)nnc2-c2nn(C)c(C)c2Cl)cc1,4.969076600372781
CHEMBL1517808,Cc1cccc(C(=O)Nc2nnc(SCC(=O)NCc3ccco3)s2)c1,8.091946971907582
CHEMBL1556931,Sc1nnc(-c2ccccc2)n1CC1CCCO1,4.796885486355615
CHEMBL1509766,Sc1nnc(C2CC2)n1Cc1ccccc1,5.474955192963154
CHEMBL1431288,Cc1cccc(C2c3[nH]c4ccccc4c3CCN2C(=O)c2cc(CC(C)C)nc(O)n2)n1,5.100836358522781
CHEMBL3196939,CCc1nnc(S)n1/N=C/C(C)=C\c1ccccc1,5.910448117113546
CHEMBL1463059,Cc1cccc(-n2c(C)nnc2S)c1C,8.091946971907582
CHEMBL1381292,Sc1nnc(Cn2c(-c3ccccn3)nc3ccccc32)n1-c1ccc2c(c1)OCCO2,4.826638883105768
CHEMBL1314447,Cc1c(C)c2c(OCC(=O)N3CCC[C@H]3C(=O)O)cc3c(c2oc1=O)CCC(C)(C)O3,5.761953896871205
CHEMBL335619,O=C(O)Cn1cccc1C(=O)c1ccccc1,4.88867026329585
CHEMBL1371432,COCC(C)NC(=O)c1cc2cccc([N+](=O)[O-])c2[nH]1,4.851613312333179
CHEMBL1549144,CC(C)(C)CC(=O)Nc1nnc(SCC(=O)NCc2cccs2)s1,4.7458871604239325
CHEMBL1431535,O=C1Nc2cc(C(=O)NCCCN3CCOCC3)ccc2S/C1=C/c1ccccc1F,4.447283126167527
CHEMBL1605748,O=C(O)c1ccccc1C(=O)c1cccc2ccccc12,4.882728704344236
CHEMBL1522756,COc1ccccc1-n1c(S)nnc1-c1ccco1,8.32800334769943
CHEMBL1577281,O=P(O)(O)c1ccccc1OCc1ccccc1,5.61261017366127
CHEMBL1606520,Cc1ccccc1C(=O)Nc1nnc(SCC(=O)NCc2ccco2)s1,5.52201102374911
CHEMBL1483727,CSc1nc(SCC(=O)O)c2c3c(sc2n1)COC(C)(C)C3,4.526965808026822
CHEMBL1402778,O=C(CSc1nnc(NC(=O)C2CCCCC2)s1)NCc1ccco1,5.1778319206319825
CHEMBL1493353,CC(C)(C)c1ccc(COc2ccsc2C(=O)O)cc1,4.769321218853525
CHEMBL1573854,O=C(C1=C(O)C(=O)N(Cc2cccnc2)C1c1ccccn1)c1ccc(F)cc1,5.61636413163812
CHEMBL1328086,O=C(O)C1Sc2nc(O)sc2C2c3cc(Cl)ccc3OC(=O)C12,8.091946971907582
CHEMBL1424340,CCN(CC)C(=O)CSc1nc2ccc(NC(=O)CSc3nccn3C)cc2s1,4.960347976418076
CHEMBL1610243,Cc1cc(C(=O)OCC(=O)NC(=O)c2cccn2C)c2ccccc2n1,8.091946971907582
CHEMBL1559733,O=C(C1=C(O)C(=O)N(Cc2cccnc2)C1c1ccccn1)c1cccs1,4.878505813758335
CHEMBL1345175,CC1CCCCC1n1c(S)nnc1-c1cccnc1,4.859680548329872
CHEMBL1557347,CCCCn1c(S)nnc1-c1nn(C)cc1Cl,5.376647318462008
CHEMBL1606872,CCCCn1c(S)nnc1-c1sccc1C,5.325047051951435
CHEMBL1538815,C=C(c1cccc2ccccc12)P(=O)(O)O,5.166789119717391
CHEMBL3191623,CC(=C/c1ccccc1)/C=N/n1c(S)nnc1-c1ccncc1,8.091946971907582
CHEMBL1348676,Cc1nn(CCc2nnc(S)n2-c2cccc(Cl)c2)c(C)c1[N+](=O)[O-],4.773142429711276
CHEMBL1584189,Sc1nnc(-c2ccco2)n1-c1cccc2ccccc12,4.647643798830172
CHEMBL1594123,CCCc1cc(=O)oc2c3c(cc(OCC(=O)N4CCC[C@H]4C(=O)O)c12)OC(C)(C)CC3,5.1790764121186825
CHEMBL3194164,Oc1c(Br)cc(/C=N/n2c(S)nnc2-c2ccccc2)cc1Br,4.7138804974096375
CHEMBL3194460,O=C(O)c1cccc(NC(=S)N/N=C/c2ccccc2OCc2ccc(Br)cc2)c1,4.999175623394395
CHEMBL1326008,Cc1c(C)c2c(OCC(=O)N[C@@H](C)C(=O)O)cc3c(c2oc1=O)CCC(C)(C)O3,8.271433828493532
CHEMBL1415221,Cn1c(S)nnc1-c1sccc1OCc1ccccc1,5.263205245075639
CHEMBL1411914,O=Cc1c(O)nc2ccccc2c1NCc1ccc(Cl)cc1,4.536898715277949
CHEMBL1577867,O=C(O)C(NC(=O)c1ccccc1)=C(Cl)Cl,4.71058943911401
CHEMBL1397449,CCc1cc(=O)oc2c(C)c(OCC(=O)N3CCC[C@@H]3C(=O)O)ccc12,4.6796667373816145
CHEMBL1550381,CC(=O)c1ccc(-c2ccc(Cn3c(C)nc4cc(N)c(C)nc43)cc2)cc1,8.091946971907582
CHEMBL1442450,Cn1ccnc1SCC(=O)Nc1ccc2nc(SCC(=O)NC3CC3)sc2c1,4.524067442157692
CHEMBL1571964,Cc1c(OCC(=O)N2CCC[C@@H]2C(=O)O)ccc2c3c(c(=O)oc12)CCC3,4.919698273206088
CHEMBL1388851,C=C(C)Cn1c(S)nnc1-c1cccs1,5.2954205503037
CHEMBL1371319,COc1ccc(OC)c(C2C(C(=O)c3ccco3)=C(O)C(=O)N2Cc2cccnc2)c1,5.713094647027625
CHEMBL1481755,COCC(=O)Nc1nnc(SCC(=O)NCc2cccs2)s1,5.014663358264388
CHEMBL3193161,CC(=C/c1ccccc1)/C=N/n1c(C)nnc1S,5.001087095641214
CHEMBL1328892,O=C(O)c1[nH]c2ccc(Cl)cc2c1CCN1C(=O)c2ccccc2C1=O,5.888401475119606
CHEMBL1345758,COc1ccccc1-c1nnc(S)n1Cc1ccco1,4.689349163521694
CHEMBL1464372,COc1ccc(-c2nnc(S)n2-c2ccc3c(c2)OCCO3)cc1OC,4.743932017311721
CHEMBL1565378,CCCC(=O)Nc1nnc(SCC(=O)NCc2cccs2)s1,4.786907448747517
CHEMBL1551022,Cc1cc(C)n(-c2nc(SCC(=O)O)c3c4c(sc3n2)COC(C)(C)C4)n1,4.60505826328664
CHEMBL1511843,O=C(CSc1nnc(NC(=O)c2ccccc2F)s1)NCc1ccc(F)cc1,4.741290899430173
